prop_year,Battery,Battery+Other Storage,Coal,Diesel,Gas,Gas+Battery,Gas+Battery+Other Storage,Gas+Coal,Gas+Diesel,Gas+Oil,Gas+Other,Geothermal,Geothermal+Battery,Hydro,Hydro+Battery,Hydrogen,Nuclear,Offshore Wind,Oil,Other,Other Storage,Other+Battery,Other+Battery+Other Storage,Other+Coal,Solar,Solar+Battery,Solar+Diesel,Solar+Gas,Solar+Gas+Battery,Solar+Geothermal,Solar+Other,Solar+Other+Battery,Solar+Wind,Solar+Wind+Battery,Wind,Wind+Battery,Wind+Gas,Wind+Other,total
earlier,18.842,0.0,3.169,0.03,16.286,0.215,0.0,0.0,0.0,0.692,0.103,0.202,0.0,1.6,0.0,0.0,0.509,0.0,0.0,6.124,0.856,0.857,0.0,0.0,60.236,43.279,0.007,0.0,0.0,0.001,1.447,0.25,0.54,0.8,27.109,1.029,0.005,0.259,184.447
2025,21.444,0.0,0.0,0.002,8.84,1.66,0.0,0.0,0.0,0.0,2.348,0.062,0.0,0.008,0.0,0.0,0.0,0.0,0.0,1.227,0.0,1.464,0.3,0.304,44.268,40.647,0.0,0.0,2.365,0.0,0.284,1.8,0.6,1.16,13.157,1.45,0.0,0.4,143.791
2026,46.741,0.02,0.45,0.04,14.522,1.654,0.0,0.132,0.0,0.167,1.166,0.156,0.0,0.01,0.0,0.0,0.159,1.522,0.03,0.917,0.0,0.86,0.0,0.0,67.259,64.172,0.0,0.0,0.0,0.0,0.42,0.0,0.0,0.0,17.996,1.139,0.0,0.2,219.733
2027,79.997,0.0,0.02,0.0,26.296,1.625,0.6,0.0,0.0,0.0,0.263,0.12,0.057,0.023,0.007,0.23,1.381,1.74,0.132,1.229,0.544,0.836,0.0,0.0,60.57,82.506,0.0,0.0,0.0,0.0,0.36,0.0,0.0,6.0,27.142,5.644,0.0,0.55,297.871
2028,111.611,1.2,0.0,0.15,51.862,3.078,0.0,0.0,0.0,0.25,1.04,0.158,0.0,0.197,0.0,0.21,1.391,1.029,0.05,5.668,1.0,2.599,3.6,0.0,74.306,122.552,0.0,0.0,0.5,0.0,0.05,0.0,0.0,1.825,38.328,1.018,0.0,0.0,423.671
2029,42.109,0.0,0.0,0.0,28.726,0.0,0.0,0.0,0.058,0.0,0.0,1.773,0.0,0.0,0.0,0.0,1.341,6.821,0.0,5.375,0.6,0.08,1.8,0.0,44.433,67.489,0.0,0.2,0.0,0.0,0.0,0.0,0.065,3.416,24.874,1.092,0.0,0.0,230.253
2030,28.95,0.0,0.0,0.0,54.023,0.0,0.0,0.0,0.0,0.0,0.0,0.256,0.0,0.0,0.0,0.346,2.48,3.481,0.0,7.177,0.669,3.98,0.0,0.0,33.024,41.727,0.0,0.0,0.0,0.0,0.0,0.0,0.0,0.3,20.009,4.836,0.0,0.0,201.257
later,30.216,0.0,0.0,0.0,22.34,0.0,0.0,0.0,0.0,0.0,0.0,2.0,0.0,0.21,0.0,0.0,1.485,8.834,0.0,4.63,2.453,0.0,0.0,0.0,8.619,39.911,0.0,0.0,0.0,0.0,0.0,0.0,0.0,0.3,5.915,2.812,0.0,0.0,129.724
Not stated,5.421,0.0,0.06,0.0,17.129,0.0,0.0,0.0,0.0,0.0,0.0,0.06,0.0,0.22,0.0,0.0,1.647,0.0,0.0,0.675,0.0,0.168,0.0,0.0,3.9,1.51,0.0,0.0,0.0,0.0,0.0,0.0,0.0,0.0,3.234,0.0,0.0,0.0,34.023
Total,385.33,1.22,3.699,0.222,240.024,8.232,0.6,0.132,0.058,1.11,4.92,4.789,0.057,2.268,0.007,0.786,10.393,23.427,0.212,33.021,6.121,10.843,5.7,0.304,396.615,503.794,0.007,0.2,2.865,0.001,2.561,2.05,1.204,13.802,177.764,19.019,0.005,1.409,1864.77
