state,Battery,Battery+Other Storage,Coal,Diesel,Gas,Gas+Battery,Gas+Battery+Other Storage,Gas+Coal,Gas+Diesel,Gas+Oil,Gas+Other,Geothermal,Geothermal+Battery,Hydro,Hydro+Battery,Hydrogen,Nuclear,Offshore Wind,Oil,Other,Other Storage,Other+Battery,Other+Battery+Other Storage,Other+Coal,Solar,Solar+Battery,Solar+Diesel,Solar+Gas,Solar+Gas+Battery,Solar+Geothermal,Solar+Other,Solar+Other+Battery,Solar+Wind,Solar+Wind+Battery,Wind,Wind+Battery,Wind+Gas,Wind+Other,total
AL,0.849,0.0,0.0,0.0,2.858,0.0,0.0,0.0,0.0,0.0,0.0,0.0,0.0,0.0,0.0,0.0,0.601,0.0,0.0,0.0,0.0,0.0,0.0,0.0,3.139,1.054,0.0,0.0,0.0,0.0,0.0,0.0,0.0,0.0,0.0,0.0,0.0,0.0,8.501
AR,1.993,0.0,0.02,0.0,1.642,0.0,0.0,0.0,0.0,0.0,0.0,0.0,0.0,0.0,0.0,0.0,0.0,0.0,0.0,0.0,0.0,0.5,0.0,0.0,21.295,7.022,0.0,0.0,0.0,0.0,0.0,0.0,0.0,0.0,2.55,0.4,0.0,0.0,35.423
AZ,10.603,0.0,0.0,0.0,3.412,0.928,0.0,0.0,0.0,0.0,0.0,0.0,0.0,0.0,0.0,0.0,0.0,0.0,0.0,18.927,1.02,0.0,0.0,0.0,2.576,62.073,0.0,0.0,1.0,0.0,0.0,0.0,0.0,0.85,4.408,0.812,0.0,0.0,106.609
CA,51.984,0.0,0.0,0.0,0.69,2.838,0.0,0.0,0.0,0.0,0.0,0.45,0.057,0.005,0.0,0.346,0.0,1.029,0.0,2.058,1.586,0.62,0.0,0.0,5.524,100.124,0.0,0.0,0.0,0.0,0.0,0.0,0.0,2.443,1.252,6.929,0.0,0.0,177.933
CO,3.207,0.0,0.85,0.0,3.305,0.0,0.0,0.0,0.0,0.25,0.0,0.0,0.0,0.046,0.0,0.0,0.0,0.0,0.0,0.0,0.0,0.0,0.0,0.0,6.488,13.107,0.0,0.0,0.0,0.0,0.0,0.0,0.0,0.3,11.196,0.2,0.0,0.0,38.949
CT,0.347,0.0,0.0,0.0,0.0,0.0,0.0,0.0,0.0,0.0,0.0,0.0,0.0,0.0,0.0,0.0,0.0,0.0,0.0,0.0,0.0,0.0,0.0,0.0,0.331,0.0,0.0,0.0,0.0,0.0,0.0,0.0,0.0,0.0,0.0,0.0,0.0,0.0,0.678
DE,0.35,0.0,0.0,0.0,0.0,0.0,0.0,0.0,0.0,0.0,0.0,0.0,0.0,0.0,0.0,0.0,0.0,0.0,0.0,0.01,0.0,0.0,0.0,0.0,0.145,0.0,0.0,0.0,0.0,0.0,0.0,0.0,0.0,0.0,0.0,0.0,0.0,0.0,0.505
FL,1.768,0.0,0.0,0.0,3.469,0.0,0.0,0.132,0.0,0.0,0.0,0.0,0.0,0.0,0.0,0.0,2.6,0.0,0.0,0.061,0.0,0.0,0.0,0.0,14.55,0.45,0.0,0.0,0.0,0.0,0.0,0.0,0.0,0.0,0.0,0.0,0.0,0.0,23.03
GA,5.93,0.0,0.0,0.0,15.648,0.0,0.0,0.0,0.0,0.0,0.0,0.0,0.0,0.0,0.0,0.0,0.291,0.0,0.0,0.07,0.0,0.0,0.0,0.0,11.489,4.823,0.0,0.0,0.0,0.0,0.0,0.0,0.0,0.0,0.0,0.0,0.0,0.0,38.252
IA,3.29,0.0,0.0,0.011,6.129,0.0,0.0,0.0,0.0,0.0,0.263,0.0,0.0,0.0,0.0,0.0,1.261,0.0,0.0,0.0,0.0,0.452,0.0,0.0,4.94,0.3,0.0,0.0,0.0,0.0,0.0,0.0,0.0,0.0,7.291,0.0,0.0,0.0,23.937
ID,2.317,0.0,0.0,0.0,1.861,0.0,0.0,0.0,0.0,0.0,0.0,0.0,0.0,0.353,0.0,0.0,0.045,0.0,0.0,0.0,0.0,0.0,0.0,0.0,0.866,4.71,0.0,0.0,0.0,0.0,0.0,0.0,0.0,0.33,1.71,0.0,0.0,0.0,12.191
IL,16.718,0.0,0.55,0.0,1.771,0.0,0.0,0.0,0.0,0.0,0.0,0.0,0.0,0.0,0.0,0.0,0.413,0.0,0.0,0.0,0.0,0.362,0.0,0.0,28.754,6.647,0.0,0.0,0.0,0.0,0.78,0.0,0.5,0.5,15.186,1.5,0.0,0.4,74.081
IN,10.132,0.0,0.0,0.0,12.685,0.53,0.0,0.0,0.0,0.0,1.04,0.0,0.0,0.0,0.0,0.0,0.0,0.0,0.0,0.0,0.0,0.26,0.0,0.0,22.76,7.173,0.0,0.0,0.0,0.0,0.003,0.25,0.0,0.0,3.298,0.0,0.0,0.0,58.13
KS,5.695,0.0,0.0,0.15,3.67,0.3,0.0,0.0,0.058,0.0,0.0,0.0,0.0,0.0,0.0,0.0,0.0,0.0,0.0,0.027,0.0,0.0,0.0,0.0,11.515,3.411,0.0,0.0,0.0,0.0,0.0,0.0,0.0,0.0,7.545,0.0,0.0,0.0,32.372
KY,1.72,0.0,0.348,0.0,7.612,0.0,0.0,0.0,0.0,0.785,0.0,0.0,0.0,0.045,0.0,0.0,0.0,0.0,0.0,0.0,0.0,0.15,0.0,0.0,8.299,1.42,0.0,0.0,0.0,0.0,0.0,0.0,0.0,0.0,0.2,0.0,0.0,0.0,20.579
LA,3.001,0.0,0.0,0.0,14.746,0.0,0.0,0.0,0.0,0.0,1.232,0.0,0.0,0.0,0.0,0.0,0.153,0.0,0.0,0.054,0.0,0.1,0.0,0.0,13.874,3.521,0.0,0.0,0.0,0.0,0.379,0.0,0.0,0.0,0.536,0.0,0.0,0.0,37.595
MA,5.801,0.0,0.0,0.0,0.0,0.0,0.0,0.0,0.0,0.001,0.0,0.0,0.0,0.0,0.007,0.0,0.0,5.323,0.0,0.0,0.066,0.0,0.0,0.0,0.007,0.0,0.0,0.0,0.0,0.0,0.0,0.0,0.0,0.0,0.005,0.0,0.0,0.0,11.209
MD,3.142,0.0,0.0,0.0,0.098,0.0,0.0,0.0,0.0,0.0,0.0,0.0,0.0,0.0,0.0,0.0,0.0,0.0,0.0,0.0,0.0,0.0,0.0,0.0,1.11,1.143,0.0,0.0,0.0,0.0,0.0,0.0,0.0,0.0,0.08,0.0,0.0,0.0,5.574
ME,0.0,0.0,0.0,0.0,0.0,0.0,0.0,0.0,0.0,0.0,0.0,0.0,0.0,0.0,0.0,0.0,0.0,0.0,0.0,0.0,0.0,0.0,0.0,0.0,0.852,0.16,0.0,0.0,0.0,0.0,0.0,0.0,0.0,0.0,0.018,0.0,0.0,0.0,1.03
MI,14.661,0.0,0.0,0.0,9.742,0.0,0.0,0.0,0.0,0.0,0.0,0.0,0.0,0.0,0.0,0.0,0.735,0.0,0.0,-0.014,0.07,1.903,0.0,0.0,22.231,2.509,0.0,0.0,0.0,0.0,0.415,0.0,0.0,0.0,6.049,0.165,0.0,0.0,58.466
MN,7.692,0.0,0.0,0.019,1.444,0.0,0.0,0.0,0.0,0.0,0.292,0.0,0.0,0.023,0.0,0.0,0.0,0.0,0.0,-0.034,0.0,0.336,0.0,0.0,11.413,0.978,0.0,0.0,0.0,0.0,0.76,0.0,0.04,0.0,4.655,0.25,0.005,0.55,28.422
MO,5.802,0.0,0.12,0.0,7.521,0.0,0.0,0.0,0.0,0.0,0.824,0.0,0.0,0.06,0.0,0.0,0.0,0.0,0.0,1.55,0.0,0.099,0.0,0.0,7.911,2.07,0.0,0.0,0.0,0.0,0.0,0.0,0.0,0.25,3.447,0.0,0.0,0.0,29.653
MS,1.92,0.0,0.0,0.0,3.344,0.0,0.0,0.0,0.0,0.0,0.0,0.0,0.0,0.0,0.0,0.0,0.0,0.0,0.0,0.0,0.0,0.0,0.0,0.0,7.51,2.404,0.0,0.0,0.0,0.0,0.0,0.0,0.0,0.0,0.947,0.0,0.0,0.0,16.124
MT,0.1,0.0,0.0,0.0,0.487,0.0,0.0,0.0,0.0,0.0,0.0,0.0,0.0,0.737,0.0,0.0,0.0,0.0,0.0,0.002,0.0,0.0,0.0,0.0,0.302,1.559,0.0,0.0,0.0,0.0,0.0,0.0,0.0,0.5,7.173,0.425,0.0,0.0,11.284
MX,0.0,0.0,0.0,0.0,0.0,0.0,0.0,0.0,0.0,0.0,0.0,0.0,0.0,0.0,0.0,0.0,0.0,0.0,0.0,0.0,0.0,0.0,0.0,0.0,0.0,0.572,0.0,0.0,0.0,0.0,0.0,0.0,0.0,0.0,1.61,0.0,0.0,0.0,2.182
NC,3.975,0.0,0.06,0.042,9.71,0.0,0.0,0.0,0.0,0.0,0.0,0.0,0.0,0.036,0.0,0.0,0.099,0.0,0.0,2.718,0.0,0.0,0.0,0.0,3.692,0.39,0.0,0.0,0.0,0.0,0.0,0.0,0.0,0.0,0.0,0.0,0.0,0.0,20.722
ND,2.139,0.0,0.0,0.0,3.241,0.0,0.0,0.0,0.0,0.0,0.103,0.0,0.0,0.0,0.0,0.0,0.0,0.0,0.0,0.866,0.0,0.0,0.0,0.0,1.531,1.172,0.0,0.0,0.0,0.0,0.0,0.0,0.0,0.0,5.448,0.0,0.0,0.0,14.5
NE,1.952,0.0,0.0,0.0,5.555,0.0,0.0,0.0,0.0,0.0,0.0,0.0,0.0,0.0,0.0,0.0,0.0,0.0,0.0,0.522,0.0,0.0,0.0,0.0,4.183,1.015,0.0,0.0,0.0,0.0,0.0,0.0,0.065,0.0,2.252,0.0,0.0,0.0,15.544
NH,0.0,0.0,0.0,0.0,0.0,0.0,0.0,0.0,0.0,0.0,0.0,0.0,0.0,0.0,0.0,0.0,0.0,0.0,0.0,0.0,0.0,0.0,0.0,0.0,0.125,0.0,0.0,0.0,0.0,0.0,0.0,0.0,0.0,0.0,0.0,0.0,0.0,0.0,0.125
NJ,3.659,0.0,0.0,0.0,0.41,0.0,0.0,0.0,0.0,0.0,0.0,0.0,0.0,0.0,0.0,0.0,0.257,9.511,0.0,0.0,0.0,0.0,0.0,0.0,0.6,0.108,0.0,0.0,0.0,0.0,0.0,0.0,0.0,0.0,0.0,0.0,0.0,0.0,14.544
NM,6.07,0.0,0.0,0.0,1.601,0.0,0.0,0.0,0.0,0.0,0.0,0.058,0.0,0.0,0.0,0.21,0.0,0.0,0.0,0.25,0.0,0.0,0.0,0.0,3.628,12.199,0.0,0.0,0.0,0.0,0.0,0.0,0.0,0.0,3.328,0.564,0.0,0.0,27.909
NV,7.408,0.0,0.0,0.0,4.651,0.35,0.0,0.0,0.0,0.0,0.0,4.164,0.0,0.0,0.0,0.0,0.0,0.0,0.0,0.499,0.544,0.0,0.0,0.0,2.658,33.583,0.0,0.0,0.5,0.001,0.0,0.0,0.0,0.6,0.0,0.0,0.0,0.0,54.958
NY,11.121,0.0,0.0,0.0,0.0,0.0,0.0,0.0,0.0,0.0,0.0,0.0,0.0,0.0,0.0,0.0,0.0,4.371,0.0,0.0,0.0,0.0,0.0,0.0,5.821,1.48,0.0,0.0,0.0,0.0,0.0,0.0,0.0,0.0,2.919,0.0,0.0,0.0,25.713
Not stated,0.18,0.0,0.0,0.0,0.0,0.0,0.0,0.0,0.0,0.0,0.0,0.0,0.0,0.0,0.0,0.0,0.0,0.0,0.0,0.1,0.0,1.404,0.0,0.0,0.494,1.932,0.0,0.0,0.0,0.0,0.224,0.0,0.0,0.0,2.124,0.0,0.0,0.459,6.917
OH,1.527,0.0,0.0,0.0,3.572,0.0,0.0,0.0,0.0,0.0,0.0,0.0,0.0,0.0,0.0,0.0,0.0,0.0,0.0,0.008,0.0,0.0,0.0,0.0,10.43,2.174,0.0,0.0,0.0,0.0,0.0,0.0,0.0,0.0,0.638,0.0,0.0,0.0,18.351
OK,11.06,0.0,0.45,0.0,13.558,1.494,0.0,0.0,0.0,0.0,0.0,0.0,0.0,0.0,0.0,0.0,0.0,0.0,0.0,1.503,0.0,0.0,0.0,0.0,9.579,4.862,0.0,0.0,0.0,0.0,0.0,0.0,0.0,0.0,9.747,0.199,0.0,0.0,52.452
OR,20.888,1.2,0.0,0.0,1.16,0.67,0.0,0.0,0.0,0.0,0.0,0.054,0.0,0.0,0.0,0.0,0.0,0.0,0.0,1.46,1.616,4.16,5.7,0.0,7.928,44.091,0.0,0.0,1.365,0.0,0.0,1.8,0.6,2.979,7.09,1.17,0.0,0.0,103.932
PA,1.613,0.0,0.0,0.0,0.33,0.0,0.0,0.0,0.0,0.0,0.0,0.0,0.0,0.0,0.0,0.0,0.903,0.0,0.0,0.004,0.0,0.0,0.0,0.0,5.39,2.704,0.007,0.0,0.0,0.0,0.0,0.0,0.0,0.0,0.437,0.0,0.0,0.0,11.387
RI,0.205,0.0,0.0,0.0,0.0,0.0,0.0,0.0,0.0,0.073,0.0,0.0,0.0,0.0,0.0,0.0,0.0,0.704,0.0,0.0,0.0,0.0,0.0,0.0,0.0,0.0,0.0,0.0,0.0,0.0,0.0,0.0,0.0,0.0,0.0,0.0,0.0,0.0,0.982
SC,2.227,0.0,0.0,0.0,8.541,0.0,0.0,0.0,0.0,0.0,0.0,0.0,0.0,0.16,0.0,0.0,0.04,0.0,0.0,0.537,0.0,0.0,0.0,0.0,6.902,1.432,0.0,0.0,0.0,0.0,0.0,0.0,0.0,0.0,0.0,0.0,0.0,0.0,19.838
SD,0.7,0.0,1.265,0.0,1.669,0.0,0.0,0.0,0.0,0.0,0.0,0.0,0.0,0.0,0.0,0.0,0.0,0.0,0.0,0.142,0.0,0.24,0.0,0.0,2.14,0.27,0.0,0.0,0.0,0.0,0.0,0.0,0.0,0.0,2.902,0.3,0.0,0.0,9.628
TN,0.747,0.0,0.0,0.0,10.665,0.0,0.0,0.0,0.0,0.0,0.0,0.0,0.0,0.17,0.0,0.0,0.105,0.0,0.0,0.0,0.0,0.0,0.0,0.0,1.416,0.699,0.0,0.0,0.0,0.0,0.0,0.0,0.0,0.0,0.0,0.0,0.0,0.0,13.802
TX,125.378,0.0,0.0,0.0,49.561,0.0,0.0,0.0,0.0,0.0,1.166,0.0,0.0,0.027,0.0,0.23,0.0,0.0,0.162,1.432,0.0,0.0,0.0,0.0,91.749,116.83,0.0,0.2,0.0,0.0,0.0,0.0,0.0,0.0,46.799,3.577,0.0,0.0,437.111
UT,4.604,0.0,0.0,0.0,2.814,0.0,0.0,0.0,0.0,0.0,0.0,0.064,0.0,0.0,0.0,0.0,0.5,0.0,0.0,0.0,1.22,0.0,0.0,0.0,2.052,20.196,0.0,0.0,0.0,0.0,0.0,0.0,0.0,0.0,0.402,0.006,0.0,0.0,31.857
VA,9.907,0.0,0.0,0.0,2.729,0.0,0.0,0.0,0.0,0.0,0.0,0.0,0.0,0.0,0.0,0.0,0.0,2.489,0.0,0.02,0.0,0.0,0.0,0.0,12.2,1.25,0.0,0.0,0.0,0.0,0.0,0.0,0.0,0.0,0.218,0.0,0.0,0.0,28.814
VT,0.039,0.0,0.0,0.0,0.0,0.0,0.0,0.0,0.0,0.0,0.0,0.0,0.0,0.0,0.0,0.0,0.0,0.0,0.0,0.0,0.0,0.0,0.0,0.0,0.09,0.0,0.0,0.0,0.0,0.0,0.0,0.0,0.0,0.0,0.0,0.0,0.0,0.0,0.129
WA,7.346,0.0,0.0,0.0,0.662,0.99,0.0,0.0,0.0,0.0,0.0,0.0,0.0,0.555,0.0,0.0,1.39,0.0,0.0,0.243,0.0,0.0,0.0,0.0,4.701,26.555,0.0,0.0,0.0,0.0,0.0,0.0,0.0,3.7,6.623,1.993,0.0,0.0,54.757
WI,2.605,0.02,0.0,0.0,12.233,0.132,0.0,0.0,0.0,0.0,0.0,0.0,0.0,0.0,0.0,0.0,0.0,0.0,0.0,0.007,0.0,0.258,0.0,0.304,8.813,0.43,0.0,0.0,0.0,0.0,0.0,0.0,0.0,0.0,1.753,0.0,0.0,0.0,26.555
WV,0.03,0.0,0.036,0.0,2.765,0.0,0.0,0.0,0.0,0.0,0.0,0.0,0.0,0.051,0.0,0.0,0.0,0.0,0.05,0.0,0.0,0.0,0.0,0.0,1.11,0.556,0.0,0.0,0.0,0.0,0.0,0.0,0.0,0.0,0.763,0.0,0.0,0.0,5.361
WY,0.929,0.0,0.0,0.0,2.463,0.0,0.6,0.0,0.0,0.0,0.0,0.0,0.0,0.0,0.0,0.0,1.0,0.0,0.0,0.0,0.0,0.0,0.0,0.0,1.503,2.638,0.0,0.0,0.0,0.0,0.0,0.0,0.0,1.35,5.165,0.528,0.0,0.0,16.175
Total,385.33,1.22,3.699,0.222,240.024,8.232,0.6,0.132,0.058,1.11,4.92,4.789,0.057,2.268,0.007,0.786,10.393,23.427,0.212,33.021,6.121,10.843,5.7,0.304,396.615,503.794,0.007,0.2,2.865,0.001,2.561,2.05,1.204,13.802,177.764,19.019,0.005,1.409,1864.77
