region,Battery,Battery+Other Storage,Coal,Diesel,Gas,Gas+Battery,Gas+Battery+Other Storage,Gas+Coal,Gas+Diesel,Gas+Oil,Gas+Other,Geothermal,Geothermal+Battery,Hydro,Hydro+Battery,Hydrogen,Nuclear,Offshore Wind,Oil,Other,Other Storage,Other+Battery,Other+Battery+Other Storage,Other+Coal,Solar,Solar+Battery,Solar+Diesel,Solar+Gas,Solar+Gas+Battery,Solar+Geothermal,Solar+Other,Solar+Other+Battery,Solar+Wind,Solar+Wind+Battery,Wind,Wind+Battery,Wind+Gas,Wind+Other,total
CAISO,47.499,0.0,0.0,0.0,0.656,2.838,0.0,0.0,0.0,0.0,0.0,0.053,0.057,0.005,0.0,0.0,0.0,1.029,0.0,0.0,1.13,0.62,0.0,0.0,6.355,120.243,0.0,0.0,0.0,0.0,0.0,0.0,0.0,2.443,2.862,4.929,0.0,0.0,190.717
ERCOT,120.941,0.0,0.0,0.0,44.236,0.0,0.0,0.0,0.0,0.0,0.0,0.0,0.0,0.0,0.0,0.23,0.0,0.0,0.162,1.432,0.0,0.0,0.0,0.0,82.731,112.068,0.0,0.0,0.0,0.0,0.0,0.0,0.0,0.0,42.625,3.577,0.0,0.0,408.002
ISO-NE,6.841,0.0,0.0,0.0,0.0,0.0,0.0,0.0,0.0,0.075,0.0,0.0,0.0,0.0,0.007,0.0,0.0,6.027,0.0,0.0,0.066,0.0,0.0,0.0,1.425,0.16,0.0,0.0,0.0,0.0,0.0,0.0,0.0,0.0,0.023,0.0,0.0,0.0,14.623
MISO,54.916,0.02,0.918,0.03,65.286,0.662,0.0,0.0,0.0,0.0,4.92,0.0,0.0,0.11,0.0,0.0,2.17,0.0,0.0,2.22,0.07,6.063,0.0,0.304,133.192,28.415,0.0,0.0,0.0,0.0,2.561,0.25,0.54,0.75,42.699,2.615,0.005,1.409,350.125
NYISO,11.071,0.0,0.0,0.0,0.0,0.0,0.0,0.0,0.0,0.0,0.0,0.0,0.0,0.0,0.0,0.0,0.0,4.371,0.0,0.0,0.0,0.0,0.0,0.0,6.628,2.13,0.0,0.0,0.0,0.0,0.0,0.0,0.0,0.0,2.919,0.0,0.0,0.0,27.119
PJM,29.009,0.0,0.036,0.0,12.724,0.0,0.0,0.0,0.0,0.0,0.0,0.0,0.0,0.051,0.0,0.0,1.552,12.0,0.05,0.068,0.0,0.0,0.0,0.0,54.122,13.667,0.007,0.0,0.0,0.0,0.0,0.0,0.0,0.0,7.326,0.0,0.0,0.0,130.611
SPP,30.842,0.0,0.45,0.15,33.144,1.794,0.0,0.0,0.058,0.0,0.0,0.0,0.0,0.0,0.0,0.0,0.0,0.0,0.0,2.477,0.0,0.0,0.0,0.0,37.014,17.667,0.0,0.2,0.0,0.0,0.0,0.0,0.065,0.0,26.718,0.573,0.0,0.0,151.152
Southeast,17.366,0.0,0.18,0.042,62.568,0.0,0.0,0.132,0.0,0.785,0.0,0.0,0.0,0.41,0.0,0.0,3.736,0.0,0.0,3.386,0.0,0.0,0.0,0.0,43.482,9.083,0.0,0.0,0.0,0.0,0.0,0.0,0.0,0.0,2.648,0.0,0.0,0.0,143.82
West,66.844,1.2,2.115,0.0,21.411,2.938,0.6,0.0,0.0,0.25,0.0,4.736,0.0,1.691,0.0,0.556,2.935,0.0,0.0,23.438,4.856,4.16,5.7,0.0,31.666,200.362,0.0,0.0,2.865,0.001,0.0,1.8,0.6,10.609,49.942,7.324,0.0,0.0,448.601
Total,385.33,1.22,3.699,0.222,240.024,8.232,0.6,0.132,0.058,1.11,4.92,4.789,0.057,2.268,0.007,0.786,10.393,23.427,0.212,33.021,6.121,10.843,5.7,0.304,396.615,503.794,0.007,0.2,2.865,0.001,2.561,2.05,1.204,13.802,177.764,19.019,0.005,1.409,1864.77
