region,requested_gw,operational_gw,withdrawn_gw,active_gw,suspended_gw,operational_share,withdrawn_share,active_share,suspended_share
CAISO,451.859,37.233,345.081,69.486,0.059,0.082,0.764,0.154,0.0
ERCOT,343.393,83.61,196.414,51.295,12.074,0.243,0.572,0.149,0.035
ISO-NE,89.835,15.816,68.762,5.257,0.0,0.176,0.765,0.059,0.0
MISO,508.112,70.954,381.79,55.368,0.0,0.14,0.751,0.109,0.0
NYISO,156.306,18.781,127.028,10.498,0.0,0.12,0.813,0.067,0.0
PJM,626.138,83.242,486.99,46.143,9.763,0.133,0.778,0.074,0.016
SPP,320.317,44.264,241.825,33.021,1.208,0.138,0.755,0.103,0.004
Southeast,422.131,47.436,348.653,24.653,1.389,0.112,0.826,0.058,0.003
West,672.571,59.264,504.142,86.64,22.404,0.088,0.75,0.129,0.033
Total,3590.662,460.6,2700.685,382.36,46.897,0.128,0.752,0.106,0.013
