region,Battery,Coal,Diesel,Gas,Gas+Battery,Gas+Diesel,Gas+Oil,Geothermal,Geothermal+Battery,Hydro,Hydro+Battery,Nuclear,Offshore Wind,Oil,Other,Other Storage,Other+Battery,Solar,Solar+Battery,Solar+Geothermal,Solar+Other,Solar+Wind+Battery,Wind,Wind+Battery,Wind+Gas,total
CAISO,22.354,0.0,0.0,0.0,0.64,0.0,0.0,0.0,0.057,0.005,0.0,0.0,1.029,0.0,0.0,0.544,0.62,0.902,63.193,0.0,0.0,1.225,2.445,4.509,0.0,97.523
ERCOT,26.592,0.0,0.0,8.315,0.0,0.0,0.0,0.0,0.0,0.0,0.0,0.0,0.0,0.03,0.0,0.0,0.0,34.904,33.889,0.0,0.0,0.0,15.257,0.301,0.0,119.287
ISO-NE,2.489,0.0,0.0,0.0,0.0,0.0,0.075,0.0,0.0,0.0,0.007,0.0,4.695,0.0,0.0,0.066,0.0,1.095,0.16,0.0,0.0,0.0,0.023,0.0,0.0,8.609
MISO,1.061,0.55,0.012,1.88,0.0,0.0,0.0,0.0,0.0,0.087,0.0,0.0,0.0,0.0,1.505,0.07,0.05,16.55,2.065,0.0,0.18,0.0,4.097,0.0,0.005,28.111
PJM,3.188,0.036,0.0,4.016,0.0,0.0,0.0,0.0,0.0,0.051,0.0,0.044,0.0,0.05,0.0,0.0,0.0,21.703,2.28,0.0,0.0,0.0,3.588,0.0,0.0,34.957
SPP,5.566,0.0,0.0,2.853,0.594,0.058,0.0,0.0,0.0,0.0,0.0,0.0,0.0,0.0,0.049,0.0,0.0,14.295,1.951,0.0,0.0,0.0,12.091,0.11,0.0,37.567
Southeast,3.888,0.0,0.0,17.531,0.0,0.0,0.785,0.0,0.0,0.154,0.0,0.471,0.0,0.0,0.048,0.0,0.0,11.493,1.593,0.0,0.0,0.0,1.848,0.0,0.0,37.811
West,9.137,2.115,0.0,3.14,0.0,0.0,0.0,0.859,0.0,0.1,0.0,0.5,0.0,0.0,0.142,1.1,0.0,7.21,22.593,0.001,0.0,1.53,11.85,0.3,0.0,60.577
Total,74.275,2.701,0.012,37.735,1.234,0.058,0.86,0.859,0.057,0.397,0.007,1.015,5.724,0.08,1.744,1.78,0.67,108.151,127.724,0.001,0.18,2.755,51.199,5.22,0.005,424.441
