stage,metric,value,unit,as_of,scope,source_url,source,confidence,note
datacenter,us_primary_market_vacancy_rate,1.4,% of built colocation capacity,2026-06,US,https://www.cbre.com/insights/books/north-america-data-center-trends-h1-2026,"CBRE, North America Data Center Trends H1 2026 (published 27 Aug 2026)",high,"Share of built colocation capacity in CBRE's eight primary US markets (Northern Virginia, Dallas, Chicago, Phoenix, Atlanta, Silicon Valley, Hillsboro, New York Tri-State) not leased at mid-2026; a record low, down from 1.6% a year earlier; Northern Virginia alone is at 0.2%."
datacenter,us_primary_market_under_construction,7481.1,MW of colocation capacity,2026-06,US,https://www.cbre.com/insights/books/north-america-data-center-trends-h1-2026,"CBRE, North America Data Center Trends H1 2026 (published 27 Aug 2026)",high,"Colocation capacity under construction across CBRE's primary markets at mid-2026, a record; 80.4% of it was already preleased, so almost none of it will relieve vacancy when delivered."
datacenter,us_primary_market_net_absorption_2025,2497.6,MW per year,2025-12,US,https://www.cbre.com/insights/books/north-america-data-center-trends-h2-2025,"CBRE, North America Data Center Trends H2 2025 (published 25 Feb 2026)",high,"Net new colocation capacity leased in primary markets in calendar 2025 (space newly occupied minus space vacated); H1 2026 added a further 1,456.2 MW (CBRE H1 2026), i.e. absorption is running at roughly 3 GW a year."
datacenter,us_wholesale_colocation_asking_rate,195.94,USD per kW per month,2025-12,US,https://www.cbre.com/insights/books/north-america-data-center-trends-h2-2025,"CBRE, North America Data Center Trends H2 2025 (published 25 Feb 2026)",high,"Average asking rent for a 250-500 kW colocation requirement across primary markets at year-end 2025; this is the price signal for scarce built capacity, and CBRE reports a further 4.3% rise in H1 2026 without publishing the dollar figure."
datacenter,industry_average_pue,1.54,"ratio, total facility energy / IT energy",2025-07,global,https://datacenter.uptimeinstitute.com/rs/711-RIA-145/images/2025.Annual.Survey.Report.pdf,"Uptime Institute, Global Data Center Survey 2025 (keynote report PDF, survey run Apr-May 2025)",high,"Weighted average of self-reported annual PUE from 681 operator respondents; the same headline figure for six years; facilities of 20 MW and above average 1.44 and those commissioned since about 2020 average 1.48, so new AI builds should be assumed well below 1.54."
datacenter,hyperscale_fleet_pue_google,1.09,"ratio, total facility energy / IT energy",2025-12,Google (global data-center fleet),https://datacenters.google/efficiency/,"Google Data Centers, Power usage effectiveness (efficiency page)",high,"Trailing-twelve-month PUE across Google's large-scale data centers in all seasons including all overhead; the best public fleet figure, so a practical floor for what a new AI campus can target (9% overhead versus 54% at the industry average)."
datacenter,build_cost_per_mw_global_average,10.7,"USD million per MW of capacity, shell plus power and cooling, excluding IT",2025-12,global,https://www.jll.com/en-us/insights/market-outlook/data-center-outlook,"JLL Research, 2026 Global Data Center Outlook (5 Jan 2026)",medium,"JLL's average construction cost per MW for 2025, up from $7.7M in 2020; JLL forecasts $11.3M for 2026 (a forecast, not recorded as a value); the figure excludes servers, GPUs and networking, which cost several times more per MW."
datacenter,build_cost_per_watt_us_silicon_valley,13.3,USD per watt of IT capacity ($1/W = $1M/MW),2025-11,US (Silicon Valley; most expensive US market),https://reports.turnerandtownsend.com/data-centre-construction-cost-index-2025/data-centre-cost-trends,"Turner & Townsend, Data centre construction cost index 2025 - Data centre cost trends (5 Nov 2025)",high,"Turner & Townsend's indicative construction cost per watt for a traditional (air-cooled) data centre; other US markets on the same page: New Jersey $12.9, Portland $10.9, Atlanta $9.9, Phoenix $9.8, Columbus $9.8, Charlotte $9.5; AI-ready liquid-cooled builds cost 7-10% more and the index rose 5.5% in 2025."
datacenter,gpu_rack_power_gb200_nvl72,120,kW per rack,2024-10,"NVIDIA GB200 NVL72 (72 Blackwell GPUs, liquid-cooled)",https://developer.nvidia.com/blog/nvidia-contributes-nvidia-gb200-nvl72-designs-to-open-compute-project,"NVIDIA Technical Blog, NVIDIA Contributes NVIDIA GB200 NVL72 Designs to Open Compute Project (15 Oct 2024)",high,"NVIDIA's own design figure for a liquid-cooled GB200 NVL72 rack, versus a typical enterprise rack of under 10 kW; Microsoft says its Fairwater GB200/GB300 halls run about 140 kW per rack and Vantage's Frontier campus is designed for 250 kW+ racks."
datacenter,typical_rack_density_modal_average,7.5,kW per rack,2025-07,global,https://datacenter.uptimeinstitute.com/rs/711-RIA-145/images/2025.Annual.Survey.Report.pdf,"Uptime Institute, Global Data Center Survey 2025 (keynote report PDF, survey run Apr-May 2025)",high,"Average of operators' most-common (modal) rack density excluding high-density outliers of 30 kW or more; including them the average is almost 9 kW; more than 80% of operators have no rack above 30 kW, which shows how far most existing halls are from GPU densities."
datacenter,us_datacenter_share_of_electricity_2023,4.4,% of total US electricity consumption,2023-12,US,https://eta-publications.lbl.gov/sites/default/files/2024-12/lbnl-2024-united-states-data-center-energy-usage-report_1.pdf,"Lawrence Berkeley National Laboratory, 2024 United States Data Center Energy Usage Report (Dec 2024)",high,"LBNL's bottom-up estimate that US data centers consumed 176 TWh in 2023 (up from 76 TWh, 1.9%, in 2018); the report's 2028 projection range is not recorded here because the brief asks for recorded figures only."
datacenter,us_datacenter_direct_water_use_2023,66,billion liters per year (on-site consumption),2023-12,US,https://eta-publications.lbl.gov/sites/default/files/2024-12/lbnl-2024-united-states-data-center-energy-usage-report_1.pdf,"Lawrence Berkeley National Laboratory, 2024 United States Data Center Energy Usage Report (Dec 2024)",medium,"Modelled direct (on-site, mostly evaporative cooling) water consumption of US data centers in 2023; indirect water consumed through electricity generation was nearly 800 billion liters (4.52 L/kWh), so power supply, not cooling, is the larger water footprint."
power,us_utility_scale_generating_capacity,1.2808e+06,MW,2025-12,US,https://www.eia.gov/energyexplained/electricity/electricity-in-the-us-generation-capacity-and-sales.php,"EIA, Electricity explained: Electricity generation, capacity, and sales in the United States",high,"Total US utility-scale (1 MW and larger) generating capacity at end-2025; the same page gives 2025 net generation of about 4,429 billion kWh, so the fleet ran at about a 39% average capacity factor (4,429,000 GWh / (1,280.8 GW x 8,760 h), my arithmetic)."
power,planned_capacity_additions_2026,86,GW,2026-02,US,https://www.eia.gov/todayinenergy/detail.php?id=67205,"EIA, Today in Energy: New U.S. electric generating capacity expected to reach a record high in 2026 (February 20, 2026)",high,"Developer-reported planned utility-scale additions for calendar 2026 from the EIA-860M inventory; the split is solar 43.4 GW, battery storage 24 GW, wind 11.8 GW and natural gas 6.3 GW, and 53 GW was actually added in 2025."
power,planned_natural_gas_additions_2026,6.3,GW,2026-02,US,https://www.eia.gov/todayinenergy/detail.php?id=67205,"EIA, Today in Energy: New U.S. electric generating capacity expected to reach a record high in 2026 (February 20, 2026)",high,"Planned 2026 gas-fired additions, the only large firm-generation category: 3.3 GW combined-cycle and 2.8 GW combustion turbine, against 43.4 GW of solar and 24 GW of batteries planned the same year."
power,ge_vernova_gas_equipment_backlog_and_slot_reservations,116,GW,2026-06-30,GE Vernova,https://www.sec.gov/Archives/edgar/data/0001996810/000199681026000147/gev2q2026form8-k.pdf,"GE Vernova, Form 8-K, second-quarter 2026 results press release (July 22, 2026)",high,"Gas turbine equipment backlog (53 GW) plus slot reservation agreements (63 GW) at end of Q2 2026; the company expects at least 125 GW under contract by end-2026, and in the quarter it signed 20 GW of new gas contracts and shipped 3 GW."
power,ge_vernova_annual_gas_turbine_output,20,GW per year,2026-07,GE Vernova,https://www.sec.gov/Archives/edgar/data/0001996810/000199681026000147/gev2q2026form8-k.pdf,"GE Vernova, Form 8-K, second-quarter 2026 results press release (July 22, 2026)",high,"Manufacturing run-rate: 20 GW/yr reached in Q3 2026, 24 GW planned for 2028 and 30 GW targeted for 2030; against 116 GW of backlog plus reservations this is about 5.8 years of current output (116 / 20, my arithmetic), which is why new orders are scheduled for 2029-2030 delivery."
power,ccgt_capital_cost_recent_projects,2000,$/kW,2025-09,US,https://gridlab.org/wp-content/uploads/2025/09/GridLab_Gas-Turbine-Costs-Report-1.pdf,"GridLab and Energy Futures Group, The New Reality of Power Generation: An Analysis of Increasing Gas Turbine Costs in the U.S. (September 2025)",medium,"All-in capital cost reported in utility filings for recently announced combined-cycle gas plants; plants completing in 2026-27 were reported at $1,116-$1,427/kW, and the same report notes EIA's Sargent & Lundy reference assumption of $921/kW (2023 dollars) for a 1x1 H-class plant, so market prices roughly doubled the planning assumption."
power,pjm_capacity_price_2027_2028,333.44,$/MW-day (UCAP),2025-12-17,US,https://insidelines.pjm.com/pjm-auction-procures-134479-mw-of-generation-resources/,"PJM Inside Lines, PJM Auction Procures 134,479 MW of Generation Resources (December 17, 2025)",high,"RTO-wide clearing price of PJM's 2027/2028 Base Residual Auction, which cleared at the FERC-approved price cap; 134,479 MW of unforced capacity cleared and the total cost is $16.4 billion."
power,pjm_capacity_shortfall_2027_2028,6623,MW,2025-12-17,US,https://insidelines.pjm.com/pjm-auction-procures-134479-mw-of-generation-resources/,"PJM Inside Lines, PJM Auction Procures 134,479 MW of Generation Resources (December 17, 2025)",high,"Amount by which procured capacity plus Fixed Resource Requirement resources fell short of PJM's reliability requirement for the 2027/2028 delivery year; PJM attributes nearly 5,100 MW of the increase in the requirement to data-centre demand."
power,pjm_west_hub_wholesale_price_2025,60.09,$/MWh,2025,US,https://www.eia.gov/outlooks/steo/pdf/steo_full.pdf,"EIA, Short-Term Energy Outlook, September 2026, table of wholesale electricity prices (dollars per megawatthour)",high,"Annual average 2025 wholesale price at the PJM Western hub; the quoted table row lists 2025 Q1-Q4, 2026 Q1-Q4, 2027 Q1-Q4 and then annual 2025, 2026, 2027, so the 2025 actual is 60.09 and EIA's 2026 forecast is 80.59; the same table gives ERCOT North at 37.33 for 2025. This PDF is replaced each month and the September 2026 issue should later be found at eia.gov/outlooks/steo/archives/sep26.pdf."
power,data_center_share_of_us_electricity_2023,4.4,percent of US electricity consumption,2023,US,https://eta-publications.lbl.gov/sites/default/files/2024-12/lbnl-2024-united-states-data-center-energy-usage-report_1.pdf,"Lawrence Berkeley National Laboratory, 2024 United States Data Center Energy Usage Report (December 2024)",high,"176 TWh of data-centre electricity use in 2023; the report's 2028 scenario range is 325-580 TWh (6.7%-12.0% of US consumption), which it converts to 74-132 GW of power demand assuming 50% average utilisation; this is the standard public baseline everyone quotes."
power,crane_clean_energy_center_restart_capacity,835,MW,2026,Constellation Energy (Crane Clean Energy Center),https://www.constellationenergy.com/about/locations/crane-clean-energy-center.html,"Constellation Energy, Crane Clean Energy Center location page",high,"Restart of the former Three Mile Island Unit 1, retired for economic reasons in 2019, expected online in 2027; the other announced US restarts are Palisades (more than 800 MW, Holtec, reached operations status August 2025) and Duane Arnold (615 MW, NextEra with Google, by Q1 2029), so all three together add roughly 2.25 GW (835 + 800 + 615, my arithmetic)."
power,utility_scale_pv_installed_cost_2024,1.61,$/W-AC,2024,US,https://emp.lbl.gov/sites/default/files/2025-10/Utility%20Scale%20Solar%202025%20Edition%20Slides.pdf,"Lawrence Berkeley National Laboratory, U.S. Utility-Scale Solar 2025 Data Update (slides, October 2025)",high,"Capacity-weighted installed cost of utility-scale PV that came online in 2024, i.e. $1,610 per kW-AC (1.61 x 1,000); the same deck puts PV+battery hybrids at $2.5/W-AC-PV with the battery adding about $1.0/W-AC-PV and all-in battery capex at $458/kWh."
grid,us_active_interconnection_queue_capacity,2061,GW,2025-12,US,https://eta-publications.lbl.gov/sites/default/files/2026-06/queued_up_2026_edition.pdf,"Lawrence Berkeley National Laboratory, Queued Up: 2026 Edition, Characteristics of Power Plants Seeking Transmission Interconnection As of the End of 2025 (June 2026)",high,"1,312 GW of generation plus 749 GW of storage across 8,244 active requests in 7 ISO/RTOs and 47 non-ISO balancing areas, down 10% from 2024 as 750 GW withdrew and 600 GW of new requests arrived; the report's regional table (slide 13) gives West non-ISO 567.4 GW, ERCOT 408.0, MISO 382.2, CAISO 191.3, SPP 171.2, Southeast non-ISO 152.9, PJM 144.3, NYISO 29.2, ISO-NE 14.8."
grid,queue_natural_gas_capacity,253,GW,2025-12,US,https://eta-publications.lbl.gov/sites/default/files/2026-06/queued_up_2026_edition.pdf,"Lawrence Berkeley National Laboratory, Queued Up: 2026 Edition (June 2026)",high,"Active gas capacity in queues rose 86% in 2025 while solar, storage and wind all fell; gas requests concentrate in MISO and the Southeast, and the report says not all of this capacity will be built."
grid,median_months_interconnection_request_to_operation,61,months,2025,US,https://eta-publications.lbl.gov/sites/default/files/2026-06/queued_up_2026_edition.pdf,"Lawrence Berkeley National Laboratory, Queued Up: 2026 Edition (June 2026)",high,"Median time from interconnection request to commercial operation for projects that came online in 2025, about 5.1 years, versus 36 months for projects built in 2015 and 22 months in 2008; this is the standard 'years to connect' figure."
grid,queue_completion_rate_2000_2020,13,percent of requested capacity,2025-12,US,https://eta-publications.lbl.gov/sites/default/files/2026-06/queued_up_2026_edition.pdf,"Lawrence Berkeley National Laboratory, Queued Up: 2026 Edition (June 2026)",high,"Share of capacity that requested interconnection between 2000 and 2020 and had reached commercial operation by end-2025 (19% by project count); most of the rest withdrew, so queue GW overstates likely supply by several times."
grid,queue_annual_throughput_rate_2025,2,percent of active queue capacity reaching operation in the year,2025,US,https://eta-publications.lbl.gov/sites/default/files/2026-06/queued_up_2026_edition.pdf,"Lawrence Berkeley National Laboratory, Queued Up: 2026 Edition (June 2026)",high,"Of 2,290 GW active at end-2024 only 53 GW reached operation during 2025; EIA separately reports 53 GW of total 2025 capacity additions, so roughly all new capacity passes through these queues."
grid,ercot_active_generation_queue_capacity,408,GW,2025-12,US,https://eta-publications.lbl.gov/sites/default/files/2026-06/queued_up_2026_edition.pdf,"Lawrence Berkeley National Laboratory, Queued Up: 2026 Edition (June 2026)",high,"Largest ISO queue in the country (the non-ISO West is larger at 567 GW); ERCOT's own count was 453,562 MW of active generation requests as of February 28, 2026, of which storage 177,642 MW, solar 162,927 MW, gas 60,715 MW and wind 47,793 MW (ERCOT House State Affairs deck, April 9, 2026)."
grid,ercot_large_load_interconnection_requests,410,GW,2026-03-26,US,https://www.ercot.com/files/docs/2026/04/09/ERCOTLargeLoadUpdate-April9HouseStateAffairsHearing.pdf,"ERCOT, Update to the Texas House Committee on State Affairs, Pablo Vegas (April 9, 2026)",high,"Large loads (75 MW and above) seeking ERCOT interconnection as of March 26, 2026, about 87% data centres; ERCOT reported 233 GW in December 2025 (almost 300% above end-2024) and told Utility Dive it was tracking more than 438 GW by June 2026, when the PUCT approved a 'Batch Zero' study process (Utility Dive, Jan 6 and Jun 22, 2026)."
grid,dominion_data_center_contracted_capacity,53.8,GW,2026-07,Dominion Energy (Virginia),https://virginiabusiness.com/dominion-energy-beats-profit-estimates-virginia-data-center-demand/,"Virginia Business, Top US data center-serving utility Dominion tops profit estimates (July 31, 2026)",medium,"Company-reported data-centre capacity in all contracting stages in Dominion's Virginia territory (the largest data-centre market in the world), up 5.3 GW since December 2025; the figure comes from Dominion's Q2 2026 earnings materials, and its 8-K press release text does not carry the GW number, hence medium confidence."
grid,aep_contracted_load_growth_through_2030,69,GW,2026-06-30,American Electric Power,https://www.sec.gov/Archives/edgar/data/0000004904/000000490426000055/a2q20268kpressreleaseex991.htm,"American Electric Power, Form 8-K exhibit 99.1, second-quarter 2026 earnings release (July 30, 2026)",high,"Signed load agreements with hyperscalers, data centres and industrials for load coming online by 2030 across AEP's utilities in PJM, SPP and ERCOT; 6 GW was added in Q2 2026 alone, mostly in Texas, and a year earlier the same figure was 24 GW (Power Engineering, Aug 1, 2025)."
grid,pjm_summer_peak_growth_rate_10yr,3.6,percent per year,2026-01-14,US,https://www.pjm.com/-/media/DotCom/library/reports-notices/load-forecast/2026-load-report.pdf,"PJM, 2026 PJM Load Forecast Report (posted January 14, 2026)",high,"PJM's own forecast of average summer peak growth over 2026-2036, reaching 222,106 MW in 2036 (a 10-year increase of 65,733 MW) and 253,077 MW in 2046, with data-centre load the stated driver in most zones; this is the grid operator's forecast, not an outturn."
grid,power_transformer_lead_time,128,weeks,2025-06,US,https://www.powermag.com/transformers-in-2026-shortage-scramble-or-self-inflicted-crisis/,"POWER Magazine, Transformers in 2026: Shortage, Scramble, or Self-Inflicted Crisis? (January 2, 2026), citing Wood Mackenzie's Q2 2025 survey",medium,"Average delivery lead time for power transformers in Wood Mackenzie's second-quarter 2025 survey, about 2.5 years; the same article reports power transformer prices up 77% since 2019 and a Wood Mackenzie estimate of a 30% supply shortfall for power transformers; the underlying Wood Mackenzie report is paywalled."
grid,generator_step_up_transformer_lead_time,144,weeks,2025-06,US,https://www.powermag.com/transformers-in-2026-shortage-scramble-or-self-inflicted-crisis/,"POWER Magazine, Transformers in 2026: Shortage, Scramble, or Self-Inflicted Crisis? (January 2, 2026), citing Wood Mackenzie's Q2 2025 survey",medium,"Average lead time for generator step-up transformers (the unit every new power plant needs), about 2.8 years; the article says demand for GSUs has grown 274% since 2019 and their prices 45%."
