order,stage,name,unit,sells,buys_from,lead_time_years,bottleneck_score,bottleneck_note,status,summary
1,power,Power generation and fuel,MW,firm electricity and the fuel behind it (gas turbines and gas supply; nuclear restarts and uprates; solar with batteries; on-site generation),,3,,,skeleton,"Every GPU-hour is a kilowatt-hour first. New firm capacity in the United States is gated by gas turbine order books, fuel delivery and permitting, not by demand."
2,grid,"Grid, interconnection and transformers",MW connected,"a connection that can deliver the power to a site: transmission, substations, transformers and switchgear",power,3,,,skeleton,"A generator and a data centre are only useful once connected. Interconnection queues, transformer lead times and utility planning cycles set the pace."
3,datacenter,Data centre shell and cooling,MW of IT load,"a building with power, cooling and networking ready for racks, sold as capacity by the megawatt",grid,1.5,,,skeleton,"Land, permits, water and cooling capacity turn connected megawatts into rack-ready megawatts. Density is rising with liquid cooling."
4,silicon,"Wafers and advanced packaging",wafers per month,"leading-edge logic wafers and the CoWoS packaging that joins a GPU die to its memory",,2,,,skeleton,"One foundry makes every leading AI accelerator and its packaging capacity has been the tightest link since 2023."
5,memory,"Memory and storage (HBM, DRAM, NAND)",GB and HBM stacks,"high-bandwidth memory stacked on each GPU, server DRAM, and the NAND behind enterprise SSDs",,1.5,,,skeleton,"Three suppliers of HBM; wafer capacity moved to HBM starves DRAM and NAND. Where prices moved first in 2025."
6,systems,"GPUs, servers, racks and networking",GPUs,"accelerators assembled into servers and racks with the network that ties them into a cluster",silicon; memory,0.75,,,skeleton,"The unit everyone counts. Price per GPU, GPUs per rack and rack power decide what a megawatt is worth."
7,compute,GPU-hours,GPU-hour,"rented accelerator time under multi-year contracts (neoclouds) or used internally (hyperscalers)",datacenter; systems,1,,,skeleton,"Where the top-down company models live. The price of a GPU-hour is the hinge between the physical chain and the dollar chain."
8,models,Tokens,tokens,"model output sold by the million tokens, trained and served on rented or owned GPU-hours",compute,0.5,,,skeleton,"Throughput per GPU and price per million tokens decide how the GPU-hour dollar splits between owner and lab."
9,applications,Applications and end demand,tokens consumed per user per day,"products that turn tokens into revenue, split by how much compute each consumes",models,0.25,,,skeleton,"Who pays, how much, and how many tokens each dollar of revenue burns. The demand that has to justify everything upstream."
