accession,form,filing_date,report_date,primary_document,url,size,is_xbrl
0001193125-26-323660,10-K,2026-07-29,2026-06-30,msft-20260630.htm,https://www.sec.gov/Archives/edgar/data/789019/000119312526323660/msft-20260630.htm,36328553,True
0001193125-26-191507,10-Q,2026-04-29,2026-03-31,msft-20260331.htm,https://www.sec.gov/Archives/edgar/data/789019/000119312526191507/msft-20260331.htm,31304294,True
0001193125-26-027207,10-Q,2026-01-28,2025-12-31,msft-20251231.htm,https://www.sec.gov/Archives/edgar/data/789019/000119312526027207/msft-20251231.htm,30063042,True
0001193125-25-256321,10-Q,2025-10-29,2025-09-30,msft-20250930.htm,https://www.sec.gov/Archives/edgar/data/789019/000119312525256321/msft-20250930.htm,24565853,True
0000950170-25-100235,10-K,2025-07-30,2025-06-30,msft-20250630.htm,https://www.sec.gov/Archives/edgar/data/789019/000095017025100235/msft-20250630.htm,34889671,True
0000950170-25-061046,10-Q,2025-04-30,2025-03-31,msft-20250331.htm,https://www.sec.gov/Archives/edgar/data/789019/000095017025061046/msft-20250331.htm,29845298,True
0000950170-25-010491,10-Q,2025-01-29,2024-12-31,msft-20241231.htm,https://www.sec.gov/Archives/edgar/data/789019/000095017025010491/msft-20241231.htm,27242804,True
0000950170-24-118967,10-Q,2024-10-30,2024-09-30,msft-20240930.htm,https://www.sec.gov/Archives/edgar/data/789019/000095017024118967/msft-20240930.htm,20482578,True
0000950170-24-087843,10-K,2024-07-30,2024-06-30,msft-20240630.htm,https://www.sec.gov/Archives/edgar/data/789019/000095017024087843/msft-20240630.htm,30375960,True
0000950170-24-048288,10-Q,2024-04-25,2024-03-31,msft-20240331.htm,https://www.sec.gov/Archives/edgar/data/789019/000095017024048288/msft-20240331.htm,24292762,True
0000950170-24-008814,10-Q,2024-01-30,2023-12-31,msft-20231231.htm,https://www.sec.gov/Archives/edgar/data/789019/000095017024008814/msft-20231231.htm,24016884,True
0000950170-23-054855,10-Q,2023-10-24,2023-09-30,msft-20230930.htm,https://www.sec.gov/Archives/edgar/data/789019/000095017023054855/msft-20230930.htm,22646771,True
0000950170-23-035122,10-K,2023-07-27,2023-06-30,msft-20230630.htm,https://www.sec.gov/Archives/edgar/data/789019/000095017023035122/msft-20230630.htm,40966463,True
0000950170-23-014423,10-Q,2023-04-25,2023-03-31,msft-20230331.htm,https://www.sec.gov/Archives/edgar/data/789019/000095017023014423/msft-20230331.htm,32928186,True
0001564590-23-000733,10-Q,2023-01-24,2022-12-31,msft-10q_20221231.htm,https://www.sec.gov/Archives/edgar/data/789019/000156459023000733/msft-10q_20221231.htm,22217673,True
0001564590-22-035087,10-Q,2022-10-25,2022-09-30,msft-10q_20220930.htm,https://www.sec.gov/Archives/edgar/data/789019/000156459022035087/msft-10q_20220930.htm,18509528,True
0001564590-22-026876,10-K,2022-07-28,2022-06-30,msft-10k_20220630.htm,https://www.sec.gov/Archives/edgar/data/789019/000156459022026876/msft-10k_20220630.htm,26423137,True
0001564590-22-015675,10-Q,2022-04-26,2022-03-31,msft-10q_20220331.htm,https://www.sec.gov/Archives/edgar/data/789019/000156459022015675/msft-10q_20220331.htm,22314465,True
0001564590-22-002324,10-Q,2022-01-25,2021-12-31,msft-10q_20211231.htm,https://www.sec.gov/Archives/edgar/data/789019/000156459022002324/msft-10q_20211231.htm,21933276,True
0001564590-21-051992,10-Q,2021-10-26,2021-09-30,msft-10q_20210930.htm,https://www.sec.gov/Archives/edgar/data/789019/000156459021051992/msft-10q_20210930.htm,18484545,True
0001564590-21-039151,10-K,2021-07-29,2021-06-30,msft-10k_20210630.htm,https://www.sec.gov/Archives/edgar/data/789019/000156459021039151/msft-10k_20210630.htm,26907098,True
0001564590-21-020891,10-Q,2021-04-27,2021-03-31,msft-10q_20210331.htm,https://www.sec.gov/Archives/edgar/data/789019/000156459021020891/msft-10q_20210331.htm,22586167,True
0001564590-21-002316,10-Q,2021-01-26,2020-12-31,msft-10q_20201231.htm,https://www.sec.gov/Archives/edgar/data/789019/000156459021002316/msft-10q_20201231.htm,21735875,True
0001564590-20-047996,10-Q,2020-10-27,2020-09-30,msft-10q_20200930.htm,https://www.sec.gov/Archives/edgar/data/789019/000156459020047996/msft-10q_20200930.htm,18132017,True
0001564590-20-034944,10-K,2020-07-30,2020-06-30,msft-10k_20200630.htm,https://www.sec.gov/Archives/edgar/data/789019/000156459020034944/msft-10k_20200630.htm,27648382,True
0001564590-20-019706,10-Q,2020-04-29,2020-03-31,msft-10q_20200331.htm,https://www.sec.gov/Archives/edgar/data/789019/000156459020019706/msft-10q_20200331.htm,21306500,True
0001564590-20-002450,10-Q,2020-01-29,2019-12-31,msft-10q_20191231.htm,https://www.sec.gov/Archives/edgar/data/789019/000156459020002450/msft-10q_20191231.htm,21244567,True
0001564590-19-037549,10-Q,2019-10-23,2019-09-30,msft-10q_20190930.htm,https://www.sec.gov/Archives/edgar/data/789019/000156459019037549/msft-10q_20190930.htm,17515373,True
0001564590-19-027952,10-K,2019-08-01,2019-06-30,msft-10k_20190630.htm,https://www.sec.gov/Archives/edgar/data/789019/000156459019027952/msft-10k_20190630.htm,26807783,True
0001564590-19-012709,10-Q,2019-04-24,2019-03-31,msft-10q_20190331.htm,https://www.sec.gov/Archives/edgar/data/789019/000156459019012709/msft-10q_20190331.htm,19897404,True
0001564590-19-001392,10-Q,2019-01-30,2018-12-31,msft-10q_20181231.htm,https://www.sec.gov/Archives/edgar/data/789019/000156459019001392/msft-10q_20181231.htm,19829376,True
0001564590-18-024893,10-Q,2018-10-24,2018-09-30,msft-10q_20180930.htm,https://www.sec.gov/Archives/edgar/data/789019/000156459018024893/msft-10q_20180930.htm,16227025,True
0001564590-18-019062,10-K,2018-08-03,2018-06-30,msft-10k_20180630.htm,https://www.sec.gov/Archives/edgar/data/789019/000156459018019062/msft-10k_20180630.htm,29646751,True
0001564590-18-009307,10-Q,2018-04-26,2018-03-31,msft-10q_20180331.htm,https://www.sec.gov/Archives/edgar/data/789019/000156459018009307/msft-10q_20180331.htm,24603474,True
0001564590-18-001129,10-Q,2018-01-31,2017-12-31,msft-10q_20171231.htm,https://www.sec.gov/Archives/edgar/data/789019/000156459018001129/msft-10q_20171231.htm,24083544,True
0001564590-17-020171,10-Q,2017-10-26,2017-09-30,msft-10q_20170930.htm,https://www.sec.gov/Archives/edgar/data/789019/000156459017020171/msft-10q_20170930.htm,20542973,True
0001564590-17-014900,10-K,2017-08-02,2017-06-30,msft-10k_20170630.htm,https://www.sec.gov/Archives/edgar/data/789019/000156459017014900/msft-10k_20170630.htm,28245787,True
0001564590-17-007547,10-Q,2017-04-27,2017-03-31,msft-10q_20170331.htm,https://www.sec.gov/Archives/edgar/data/789019/000156459017007547/msft-10q_20170331.htm,21250379,True
0001564590-17-000654,10-Q,2017-01-26,2016-12-31,msft-10q_20161231.htm,https://www.sec.gov/Archives/edgar/data/789019/000156459017000654/msft-10q_20161231.htm,20484900,True
0001193125-16-742796,10-Q,2016-10-20,2016-09-30,d245252d10q.htm,https://www.sec.gov/Archives/edgar/data/789019/000119312516742796/d245252d10q.htm,9244141,True
0001193125-16-662209,10-K,2016-07-28,2016-06-30,d187868d10k.htm,https://www.sec.gov/Archives/edgar/data/789019/000119312516662209/d187868d10k.htm,13851767,True
0001193125-16-550254,10-Q,2016-04-21,2016-03-31,d256147d10q.htm,https://www.sec.gov/Archives/edgar/data/789019/000119312516550254/d256147d10q.htm,9860463,True
0001193125-16-441821,10-Q,2016-01-28,2015-12-31,d15167d10q.htm,https://www.sec.gov/Archives/edgar/data/789019/000119312516441821/d15167d10q.htm,9483598,True
0001193125-15-350718,10-Q,2015-10-22,2015-09-30,d83804d10q.htm,https://www.sec.gov/Archives/edgar/data/789019/000119312515350718/d83804d10q.htm,8770572,True
0001193125-15-272806,10-K,2015-07-31,2015-06-30,d918813d10k.htm,https://www.sec.gov/Archives/edgar/data/789019/000119312515272806/d918813d10k.htm,14337071,True
0001193125-15-144151,10-Q,2015-04-23,2015-03-31,d860721d10q.htm,https://www.sec.gov/Archives/edgar/data/789019/000119312515144151/d860721d10q.htm,14711709,True
0001193125-15-020351,10-Q,2015-01-26,2014-12-31,d827041d10q.htm,https://www.sec.gov/Archives/edgar/data/789019/000119312515020351/d827041d10q.htm,14449447,True
0001193125-14-380252,10-Q,2014-10-23,2014-09-30,d770268d10q.htm,https://www.sec.gov/Archives/edgar/data/789019/000119312514380252/d770268d10q.htm,11922755,True
0001193125-14-289961,10-K,2014-07-31,2014-06-30,d722626d10k.htm,https://www.sec.gov/Archives/edgar/data/789019/000119312514289961/d722626d10k.htm,18507199,True
0001193125-14-157088,10-Q,2014-04-24,2014-03-31,d695543d10q.htm,https://www.sec.gov/Archives/edgar/data/789019/000119312514157088/d695543d10q.htm,12961881,True
0001193125-14-018634,10-Q,2014-01-23,2013-12-31,d635047d10q.htm,https://www.sec.gov/Archives/edgar/data/789019/000119312514018634/d635047d10q.htm,13098535,True
0001193125-13-409855,10-Q,2013-10-24,2013-09-30,d594455d10q.htm,https://www.sec.gov/Archives/edgar/data/789019/000119312513409855/d594455d10q.htm,10588752,True
0001193125-13-310206,10-K,2013-07-30,2013-06-30,d527745d10k.htm,https://www.sec.gov/Archives/edgar/data/789019/000119312513310206/d527745d10k.htm,24741175,True
0001193125-13-160748,10-Q,2013-04-18,2013-03-31,d497226d10q.htm,https://www.sec.gov/Archives/edgar/data/789019/000119312513160748/d497226d10q.htm,11901190,True
0001193125-13-022207,10-Q,2013-01-24,2012-12-31,d453668d10q.htm,https://www.sec.gov/Archives/edgar/data/789019/000119312513022207/d453668d10q.htm,11735362,True
0001193125-12-427209,10-Q,2012-10-18,2012-09-30,d406056d10q.htm,https://www.sec.gov/Archives/edgar/data/789019/000119312512427209/d406056d10q.htm,10213014,True
0001193125-12-316848,10-K,2012-07-26,2012-06-30,d347676d10k.htm,https://www.sec.gov/Archives/edgar/data/789019/000119312512316848/d347676d10k.htm,17227772,True
0001193125-12-170665,10-Q,2012-04-19,2012-03-31,d313493d10q.htm,https://www.sec.gov/Archives/edgar/data/789019/000119312512170665/d313493d10q.htm,12632177,True
0001193125-12-017029,10-Q,2012-01-19,2011-12-31,d266753d10q.htm,https://www.sec.gov/Archives/edgar/data/789019/000119312512017029/d266753d10q.htm,1417221,False
0001193125-11-276022,10-Q,2011-10-20,2011-09-30,d230161d10q.htm,https://www.sec.gov/Archives/edgar/data/789019/000119312511276022/d230161d10q.htm,10424770,True
0001193125-11-200680,10-K,2011-07-28,2011-06-30,d10k.htm,https://www.sec.gov/Archives/edgar/data/789019/000119312511200680/d10k.htm,16951003,True
0001193125-11-115186,10-Q,2011-04-28,2011-03-31,d10q.htm,https://www.sec.gov/Archives/edgar/data/789019/000119312511115186/d10q.htm,16108588,True
0001193125-11-015947,10-Q,2011-01-27,2010-12-31,d10q.htm,https://www.sec.gov/Archives/edgar/data/789019/000119312511015947/d10q.htm,13808138,True
0001193125-10-239825,10-Q,2010-10-28,2010-09-30,d10q.htm,https://www.sec.gov/Archives/edgar/data/789019/000119312510239825/d10q.htm,11723855,True
0001193125-10-171791,10-K,2010-07-30,2010-06-30,d10k.htm,https://www.sec.gov/Archives/edgar/data/789019/000119312510171791/d10k.htm,20098498,True
0001193125-10-090116,10-Q,2010-04-22,2010-03-31,d10q.htm,https://www.sec.gov/Archives/edgar/data/789019/000119312510090116/d10q.htm,4757325,True
0001193125-10-015598,10-Q,2010-01-28,2009-12-31,d10q.htm,https://www.sec.gov/Archives/edgar/data/789019/000119312510015598/d10q.htm,4037271,True
0001193125-09-212454,10-Q,2009-10-23,2009-09-30,d10q.htm,https://www.sec.gov/Archives/edgar/data/789019/000119312509212454/d10q.htm,3178862,True
0001193125-09-158735,10-K,2009-07-30,2009-06-30,d10k.htm,https://www.sec.gov/Archives/edgar/data/789019/000119312509158735/d10k.htm,1347207,False
0001193125-09-085779,10-Q,2009-04-23,2009-03-31,d10q.htm,https://www.sec.gov/Archives/edgar/data/789019/000119312509085779/d10q.htm,781814,False
0001193125-09-009386,10-Q,2009-01-22,2008-12-31,d10q.htm,https://www.sec.gov/Archives/edgar/data/789019/000119312509009386/d10q.htm,761988,False
0001193125-08-215207,10-Q,2008-10-23,2008-09-30,d10q.htm,https://www.sec.gov/Archives/edgar/data/789019/000119312508215207/d10q.htm,590848,False
0001193125-08-162768,10-K,2008-07-31,2008-06-30,d10k.htm,https://www.sec.gov/Archives/edgar/data/789019/000119312508162768/d10k.htm,1242355,False
0001193125-08-089362,10-Q,2008-04-24,2008-03-31,d10q.htm,https://www.sec.gov/Archives/edgar/data/789019/000119312508089362/d10q.htm,648162,False
0001193125-08-011476,10-Q,2008-01-24,2007-12-31,d10q.htm,https://www.sec.gov/Archives/edgar/data/789019/000119312508011476/d10q.htm,686843,False
0001193125-07-225854,10-Q,2007-10-25,2007-09-30,d10q.htm,https://www.sec.gov/Archives/edgar/data/789019/000119312507225854/d10q.htm,490806,False
0001193125-07-170817,10-K,2007-08-03,2007-06-30,d10k.htm,https://www.sec.gov/Archives/edgar/data/789019/000119312507170817/d10k.htm,1255569,False
0001193125-07-091808,10-Q,2007-04-26,2007-03-31,d10q.htm,https://www.sec.gov/Archives/edgar/data/789019/000119312507091808/d10q.htm,591622,False
0001193125-07-013034,10-Q,2007-01-25,2006-12-31,d10q.htm,https://www.sec.gov/Archives/edgar/data/789019/000119312507013034/d10q.htm,592390,False
0001193125-06-215912,10-Q,2006-10-26,2006-09-30,d10q.htm,https://www.sec.gov/Archives/edgar/data/789019/000119312506215912/d10q.htm,469162,False
0001193125-06-180008,10-K,2006-08-25,2006-06-30,d10k.htm,https://www.sec.gov/Archives/edgar/data/789019/000119312506180008/d10k.htm,1307904,False
0001193125-06-091033,10-Q,2006-04-27,2006-03-31,d10q.htm,https://www.sec.gov/Archives/edgar/data/789019/000119312506091033/d10q.htm,722554,False
0001193125-06-012779,10-Q,2006-01-26,2005-12-31,d10q.htm,https://www.sec.gov/Archives/edgar/data/789019/000119312506012779/d10q.htm,706375,False
0001193125-05-209978,10-Q,2005-10-27,2005-09-30,d10q.htm,https://www.sec.gov/Archives/edgar/data/789019/000119312505209978/d10q.htm,505735,False
0001193125-05-174825,10-K,2005-08-26,2005-06-30,d10k.htm,https://www.sec.gov/Archives/edgar/data/789019/000119312505174825/d10k.htm,1180419,False
0001193125-05-088562,10-Q,2005-04-28,2005-03-31,d10q.htm,https://www.sec.gov/Archives/edgar/data/789019/000119312505088562/d10q.htm,611112,False
0001193125-05-013133,10-Q,2005-01-27,2004-12-31,d10q.htm,https://www.sec.gov/Archives/edgar/data/789019/000119312505013133/d10q.htm,619877,False
0001193125-04-189841,10-Q,2004-11-09,2004-09-30,d10q.htm,https://www.sec.gov/Archives/edgar/data/789019/000119312504189841/d10q.htm,421207,False
0001193125-04-150689,10-K,2004-09-01,2004-06-30,d10k.htm,https://www.sec.gov/Archives/edgar/data/789019/000119312504150689/d10k.htm,1479205,False
0001193125-04-076795,10-Q,2004-05-03,2004-03-31,d10q.htm,https://www.sec.gov/Archives/edgar/data/789019/000119312504076795/d10q.htm,606269,False
0001193125-04-016249,10-Q,2004-02-06,2003-12-31,d10q.htm,https://www.sec.gov/Archives/edgar/data/789019/000119312504016249/d10q.htm,721303,False
0001193125-03-080353,10-Q,2003-11-13,2003-09-30,d10q.htm,https://www.sec.gov/Archives/edgar/data/789019/000119312503080353/d10q.htm,374581,False
0001193125-03-045632,10-K,2003-09-05,2003-06-30,d10k.htm,https://www.sec.gov/Archives/edgar/data/789019/000119312503045632/d10k.htm,1121054,False
0001032210-03-000809,10-Q,2003-05-12,2003-03-31,d10q.htm,https://www.sec.gov/Archives/edgar/data/789019/000103221003000809/d10q.htm,634253,False
0001032210-03-000121,10-Q,2003-01-31,2002-12-31,d10q.htm,https://www.sec.gov/Archives/edgar/data/789019/000103221003000121/d10q.htm,491431,False
0001032210-02-001614,10-Q,2002-11-14,2002-09-30,d10q.htm,https://www.sec.gov/Archives/edgar/data/789019/000103221002001614/d10q.htm,325043,False
0001032210-02-001351,10-K,2002-09-06,2002-06-30,d10k.htm,https://www.sec.gov/Archives/edgar/data/789019/000103221002001351/d10k.htm,1118552,False
0001032210-02-000709,10-Q,2002-04-30,2002-03-31,d10q.htm,https://www.sec.gov/Archives/edgar/data/789019/000103221002000709/d10q.htm,362061,False
0001032210-02-000132,10-Q,2002-02-08,2001-12-31,d10q.txt,https://www.sec.gov/Archives/edgar/data/789019/000103221002000132/d10q.txt,113956,False
0001032210-01-501233,10-Q,2001-10-26,2001-09-30,d10q.txt,https://www.sec.gov/Archives/edgar/data/789019/000103221001501233/d10q.txt,69066,False
0001032210-01-501099,10-K,2001-09-18,2001-06-30,d10k.txt,https://www.sec.gov/Archives/edgar/data/789019/000103221001501099/d10k.txt,261425,False
0001032210-01-500604,10-Q,2001-05-15,2001-03-31,d10q.txt,https://www.sec.gov/Archives/edgar/data/789019/000103221001500604/d10q.txt,81205,False
0001032210-01-000273,10-Q,2001-02-14,2000-12-31,0001.txt,https://www.sec.gov/Archives/edgar/data/789019/000103221001000273/0001.txt,87557,False
0001032210-00-500038,10-Q,2000-11-14,2000-09-30,0001.txt,https://www.sec.gov/Archives/edgar/data/789019/000103221000500038/0001.txt,98506,False
0001032210-00-001961,10-K,2000-09-28,2000-06-30,0001.txt,https://www.sec.gov/Archives/edgar/data/789019/000103221000001961/0001.txt,457956,False
0001032210-00-001019,10-Q,2000-05-12,2000-03-31,,https://www.sec.gov/Archives/edgar/data/789019/000103221000001019/,64613,False
0001032210-00-000218,10-Q,2000-02-11,1999-12-31,,https://www.sec.gov/Archives/edgar/data/789019/000103221000000218/,60762,False
0001032210-99-001526,10-Q,1999-11-05,1999-09-30,,https://www.sec.gov/Archives/edgar/data/789019/000103221099001526/,64505,False
0001032210-99-001375,10-K,1999-09-28,1999-06-30,,https://www.sec.gov/Archives/edgar/data/789019/000103221099001375/,289775,False
0001032210-99-000791,10-Q,1999-05-14,1999-03-31,,https://www.sec.gov/Archives/edgar/data/789019/000103221099000791/,66393,False
0001032210-99-000191,10-Q,1999-02-12,1998-12-31,,https://www.sec.gov/Archives/edgar/data/789019/000103221099000191/,66816,False
0001032210-98-001218,10-Q,1998-11-12,1998-09-30,,https://www.sec.gov/Archives/edgar/data/789019/000103221098001218/,60763,False
0001032210-98-001067,10-K,1998-09-25,1998-06-30,,https://www.sec.gov/Archives/edgar/data/789019/000103221098001067/,178170,False
0001032210-98-000519,10-Q,1998-05-15,1998-03-31,,https://www.sec.gov/Archives/edgar/data/789019/000103221098000519/,72086,False
0001032210-98-000171,10-Q,1998-02-17,1997-12-31,,https://www.sec.gov/Archives/edgar/data/789019/000103221098000171/,60403,False
0000898430-97-004575,10-Q,1997-10-29,1997-09-30,,https://www.sec.gov/Archives/edgar/data/789019/000089843097004575/,51290,False
0001017062-97-001764,10-K,1997-09-29,1997-06-30,,https://www.sec.gov/Archives/edgar/data/789019/000101706297001764/,198534,False
0000891020-97-000879,10-Q,1997-05-15,1997-03-31,,https://www.sec.gov/Archives/edgar/data/789019/000089102097000879/,43947,False
0000891020-97-000207,10-Q,1997-02-14,1996-12-31,,https://www.sec.gov/Archives/edgar/data/789019/000089102097000207/,44607,False
0000891020-96-001463,10-Q,1996-11-14,1996-09-30,,https://www.sec.gov/Archives/edgar/data/789019/000089102096001463/,38948,False
0000891020-96-001130,10-K,1996-09-27,1996-06-30,,https://www.sec.gov/Archives/edgar/data/789019/000089102096001130/,147565,False
0000891020-96-000492,10-Q,1996-05-15,1996-03-31,,https://www.sec.gov/Archives/edgar/data/789019/000089102096000492/,37784,False
0000891020-96-000086,10-Q,1996-02-13,1995-12-31,,https://www.sec.gov/Archives/edgar/data/789019/000089102096000086/,40401,False
0000891020-95-000534,10-Q,1995-11-14,1995-09-30,,https://www.sec.gov/Archives/edgar/data/789019/000089102095000534/,34884,False
0000891020-95-000433,10-K,1995-09-25,1995-06-30,,https://www.sec.gov/Archives/edgar/data/789019/000089102095000433/,189572,False
0000891020-95-000161,10-Q,1995-05-12,1995-03-31,,https://www.sec.gov/Archives/edgar/data/789019/000089102095000161/,40535,False
0000891020-95-000027,10-Q,1995-02-14,1994-12-31,,https://www.sec.gov/Archives/edgar/data/789019/000089102095000027/,40150,False
0000891020-94-000198,10-Q,1994-11-14,1994-09-30,,https://www.sec.gov/Archives/edgar/data/789019/000089102094000198/,35737,False
0000891020-94-000175,10-K,1994-09-27,1994-06-30,,https://www.sec.gov/Archives/edgar/data/789019/000089102094000175/,442763,False
0000891020-94-000070,10-Q,1994-05-03,1994-03-31,,https://www.sec.gov/Archives/edgar/data/789019/000089102094000070/,34683,False
0000950109-94-000252,10-Q,1994-02-14,1993-12-31,,https://www.sec.gov/Archives/edgar/data/789019/000095010994000252/,33028,False
