concept,tag,taxonomy,unit,start,end,val,fy,fp,form,filed,accn,frame
capex,PaymentsToAcquirePropertyPlantAndEquipment,us-gaap,USD,2011-01-01,2011-12-31,172900000.0,2011,FY,20-F,2012-03-02,0001047469-12-002052,CY2011
capex,PaymentsToAcquirePropertyPlantAndEquipment,us-gaap,USD,2012-01-01,2012-12-31,131200000.0,2012,FY,20-F,2013-04-09,0001047469-13-004131,CY2012
capex,PaymentsToAcquirePropertyPlantAndEquipment,us-gaap,USD,2013-01-01,2013-12-31,150800000.0,2013,FY,20-F,2014-04-04,0001047469-14-003438,CY2013
capex,PaymentsToAcquirePropertyPlantAndEquipment,us-gaap,USD,2014-01-01,2014-12-31,172000000.0,2014,FY,20-F,2015-04-30,0001047469-15-004230,CY2014
capex,PaymentsToAcquirePropertyPlantAndEquipment,us-gaap,USD,2015-01-01,2015-12-31,179000000.0,2015,FY,20-F,2016-03-22,0001047469-16-011404,CY2015
capex,PaymentsToAcquirePropertyPlantAndEquipment,us-gaap,USD,2016-01-01,2016-12-31,158700000.0,2016,FY,20-F,2017-03-22,0001513845-17-000004,CY2016
capex,PaymentsToAcquirePropertyPlantAndEquipment,us-gaap,USD,2017-01-01,2017-12-31,215100000.0,2017,FY,20-F,2018-03-27,0001513845-18-000013,CY2017
capex,PaymentsToAcquirePropertyPlantAndEquipment,us-gaap,USD,2018-01-01,2018-12-31,407700000.0,2018,FY,20-F,2019-04-19,0001513845-19-000009,CY2018
capex,PaymentsToAcquirePropertyPlantAndEquipment,us-gaap,USD,2019-01-01,2019-12-31,260500000.0,2019,FY,20-F/A,2020-04-02,0001558370-20-003563,CY2019
capex,PaymentsToAcquirePropertyPlantAndEquipment,us-gaap,USD,2020-01-01,2020-12-31,332300000.0,2020,FY,20-F,2021-04-01,0001513845-21-000014,CY2020
capex,PaymentsToAcquirePropertyPlantAndEquipment,us-gaap,USD,2021-01-01,2021-12-31,600600000.0,2021,FY,20-F,2022-04-20,0001558370-22-005654,CY2021
capex,PaymentsToAcquirePropertyPlantAndEquipment,us-gaap,USD,2022-01-01,2022-12-31,718600000.0,2022,FY,20-F,2023-04-20,0001558370-23-006319,
capex,PaymentsToAcquirePropertyPlantAndEquipment,us-gaap,USD,2022-01-01,2022-12-31,14600000.0,2024,FY,20-F,2025-04-30,0001558370-25-005991,CY2022
capex,PaymentsToAcquirePropertyPlantAndEquipment,us-gaap,USD,2023-01-01,2023-12-31,1010600000.0,2023,FY,20-F,2024-04-26,0001558370-24-005891,
capex,PaymentsToAcquirePropertyPlantAndEquipment,us-gaap,USD,2023-01-01,2023-12-31,83400000.0,2024,FY,20-F,2025-04-30,0001558370-25-005991,
capex,PaymentsToAcquirePropertyPlantAndEquipment,us-gaap,USD,2023-01-01,2023-12-31,82900000.0,2025,FY,20-F,2026-04-30,0001104659-26-052948,CY2023
capex,PaymentsToAcquirePropertyPlantAndEquipment,us-gaap,USD,2024-01-01,2024-12-31,807700000.0,2024,FY,20-F,2025-04-30,0001558370-25-005991,
capex,PaymentsToAcquirePropertyPlantAndEquipment,us-gaap,USD,2024-01-01,2024-12-31,807500000.0,2025,FY,20-F,2026-04-30,0001104659-26-052948,CY2024
capex,PaymentsToAcquirePropertyPlantAndEquipment,us-gaap,USD,2025-01-01,2025-12-31,4066000000.0,2025,FY,20-F,2026-04-30,0001104659-26-052948,CY2025
cash,CashAndCashEquivalentsAtCarryingValue,us-gaap,USD,,2010-12-31,104700000.0,2011,FY,20-F,2012-03-02,0001047469-12-002052,CY2010Q4I
cash,CashAndCashEquivalentsAtCarryingValue,us-gaap,USD,,2011-12-31,196400000.0,2011,FY,20-F,2012-03-02,0001047469-12-002052,
cash,CashAndCashEquivalentsAtCarryingValue,us-gaap,USD,,2011-12-31,195200000.0,2012,FY,20-F,2013-04-09,0001047469-13-004131,CY2011Q4I
cash,CashAndCashEquivalentsAtCarryingValue,us-gaap,USD,,2012-12-31,244500000.0,2012,FY,20-F,2013-04-09,0001047469-13-004131,
cash,CashAndCashEquivalentsAtCarryingValue,us-gaap,USD,,2012-12-31,226900000.0,2013,FY,20-F,2014-04-04,0001047469-14-003438,CY2012Q4I
cash,CashAndCashEquivalentsAtCarryingValue,us-gaap,USD,,2013-12-31,1020300000.0,2013,FY,20-F,2014-04-04,0001047469-14-003438,
cash,CashAndCashEquivalentsAtCarryingValue,us-gaap,USD,,2013-12-31,593600000.0,2014,FY,20-F,2015-04-30,0001047469-15-004230,CY2013Q4I
cash,CashAndCashEquivalentsAtCarryingValue,us-gaap,USD,,2014-12-31,313600000.0,2014,FY,20-F,2015-04-30,0001047469-15-004230,
cash,CashAndCashEquivalentsAtCarryingValue,us-gaap,USD,,2014-12-31,242100000.0,2015,FY,20-F,2016-03-22,0001047469-16-011404,CY2014Q4I
cash,CashAndCashEquivalentsAtCarryingValue,us-gaap,USD,,2015-12-31,332600000.0,2015,FY,20-F,2016-03-22,0001047469-16-011404,
cash,CashAndCashEquivalentsAtCarryingValue,us-gaap,USD,,2015-12-31,399600000.0,2016,FY,20-F,2017-03-22,0001513845-17-000004,CY2015Q4I
cash,CashAndCashEquivalentsAtCarryingValue,us-gaap,USD,,2016-12-31,465400000.0,2016,FY,20-F,2017-03-22,0001513845-17-000004,
cash,CashAndCashEquivalentsAtCarryingValue,us-gaap,USD,,2016-12-31,490100000.0,2017,FY,20-F,2018-03-27,0001513845-18-000013,CY2016Q4I
cash,CashAndCashEquivalentsAtCarryingValue,us-gaap,USD,,2017-12-31,740700000.0,2017,FY,20-F,2018-03-27,0001513845-18-000013,
cash,CashAndCashEquivalentsAtCarryingValue,us-gaap,USD,,2017-12-31,614100000.0,2018,FY,20-F,2019-04-19,0001513845-19-000009,CY2017Q4I
cash,CashAndCashEquivalentsAtCarryingValue,us-gaap,USD,,2018-12-31,990300000.0,2018,FY,20-F,2019-04-19,0001513845-19-000009,
cash,CashAndCashEquivalentsAtCarryingValue,us-gaap,USD,,2018-12-31,872500000.0,2019,FY,20-F/A,2020-04-02,0001558370-20-003563,CY2018Q4I
cash,CashAndCashEquivalentsAtCarryingValue,us-gaap,USD,,2019-12-31,715500000.0,2019,FY,20-F/A,2020-04-02,0001558370-20-003563,
cash,CashAndCashEquivalentsAtCarryingValue,us-gaap,USD,,2019-12-31,763600000.0,2020,FY,20-F,2021-04-01,0001513845-21-000014,CY2019Q4I
cash,CashAndCashEquivalentsAtCarryingValue,us-gaap,USD,,2020-12-31,1792200000.0,2020,FY,20-F,2021-04-01,0001513845-21-000014,
cash,CashAndCashEquivalentsAtCarryingValue,us-gaap,USD,,2020-12-31,1782100000.0,2021,FY,20-F,2022-04-20,0001558370-22-005654,CY2020Q4I
cash,CashAndCashEquivalentsAtCarryingValue,us-gaap,USD,,2021-12-31,1067100000.0,2021,FY,20-F,2022-04-20,0001558370-22-005654,
cash,CashAndCashEquivalentsAtCarryingValue,us-gaap,USD,,2021-12-31,1127100000.0,2022,FY,20-F,2023-04-20,0001558370-23-006319,CY2021Q4I
cash,CashAndCashEquivalentsAtCarryingValue,us-gaap,USD,,2022-12-31,1181900000.0,2022,FY,20-F,2023-04-20,0001558370-23-006319,
cash,CashAndCashEquivalentsAtCarryingValue,us-gaap,USD,,2022-12-31,926900000.0,2023,FY,20-F,2024-04-26,0001558370-24-005891,
cash,CashAndCashEquivalentsAtCarryingValue,us-gaap,USD,,2022-12-31,288500000.0,2024,FY,20-F,2025-04-30,0001558370-25-005991,CY2022Q4I
cash,CashAndCashEquivalentsAtCarryingValue,us-gaap,USD,,2023-12-31,1076200000.0,2023,FY,20-F,2024-04-26,0001558370-24-005891,
cash,CashAndCashEquivalentsAtCarryingValue,us-gaap,USD,,2023-12-31,116100000.0,2024,FY,20-F,2025-04-30,0001558370-25-005991,
cash,CashAndCashEquivalentsAtCarryingValue,us-gaap,USD,,2023-12-31,110700000.0,2025,FY,20-F,2026-04-30,0001104659-26-052948,CY2023Q4I
cash,CashAndCashEquivalentsAtCarryingValue,us-gaap,USD,,2024-12-31,2449600000.0,2024,FY,20-F,2025-04-30,0001558370-25-005991,
cash,CashAndCashEquivalentsAtCarryingValue,us-gaap,USD,,2024-12-31,2434700000.0,2025,FY,20-F,2026-04-30,0001104659-26-052948,CY2024Q4I
cash,CashAndCashEquivalentsAtCarryingValue,us-gaap,USD,,2025-12-31,3678100000.0,2025,FY,20-F,2026-04-30,0001104659-26-052948,CY2025Q4I
cfo,NetCashProvidedByUsedInOperatingActivities,us-gaap,USD,2017-01-01,2017-12-31,412700000.0,2017,FY,20-F,2018-03-27,0001513845-18-000013,CY2017
cfo,NetCashProvidedByUsedInOperatingActivities,us-gaap,USD,2018-01-01,2018-12-31,406100000.0,2018,FY,20-F,2019-04-19,0001513845-19-000009,CY2018
cfo,NetCashProvidedByUsedInOperatingActivities,us-gaap,USD,2019-01-01,2019-12-31,562800000.0,2019,FY,20-F/A,2020-04-02,0001558370-20-003563,CY2019
cfo,NetCashProvidedByUsedInOperatingActivities,us-gaap,USD,2020-01-01,2020-12-31,441300000.0,2020,FY,20-F,2021-04-01,0001513845-21-000014,CY2020
cfo,NetCashProvidedByUsedInOperatingActivities,us-gaap,USD,2021-01-01,2021-12-31,125100000.0,2021,FY,20-F,2022-04-20,0001558370-22-005654,CY2021
cfo,NetCashProvidedByUsedInOperatingActivities,us-gaap,USD,2022-01-01,2022-12-31,592800000.0,2022,FY,20-F,2023-04-20,0001558370-23-006319,
cfo,NetCashProvidedByUsedInOperatingActivities,us-gaap,USD,2022-01-01,2022-12-31,697000000.0,2024,FY,20-F,2025-04-30,0001558370-25-005991,CY2022
cfo,NetCashProvidedByUsedInOperatingActivities,us-gaap,USD,2023-01-01,2023-12-31,783400000.0,2023,FY,20-F,2024-04-26,0001558370-24-005891,
cfo,NetCashProvidedByUsedInOperatingActivities,us-gaap,USD,2023-01-01,2023-12-31,829800000.0,2024,FY,20-F,2025-04-30,0001558370-25-005991,
cfo,NetCashProvidedByUsedInOperatingActivities,us-gaap,USD,2023-01-01,2023-12-31,829800000.0,2025,FY,20-F,2026-04-30,0001104659-26-052948,CY2023
cfo,NetCashProvidedByUsedInOperatingActivities,us-gaap,USD,2024-01-01,2024-12-31,245600000.0,2024,FY,20-F,2025-04-30,0001558370-25-005991,
cfo,NetCashProvidedByUsedInOperatingActivities,us-gaap,USD,2024-01-01,2024-12-31,245600000.0,2025,FY,20-F,2026-04-30,0001104659-26-052948,CY2024
cfo,NetCashProvidedByUsedInOperatingActivities,us-gaap,USD,2025-01-01,2025-12-31,384800000.0,2025,FY,20-F,2026-04-30,0001104659-26-052948,CY2025
cost_of_revenue,CostOfRevenue,us-gaap,USD,2011-01-01,2011-12-31,146200000.0,2011,FY,20-F,2012-03-02,0001047469-12-002052,CY2011
cost_of_revenue,CostOfRevenue,us-gaap,USD,2012-01-01,2012-12-31,236700000.0,2012,FY,20-F,2013-04-09,0001047469-13-004131,CY2012
cost_of_revenue,CostOfRevenue,us-gaap,USD,2013-01-01,2013-12-31,324100000.0,2013,FY,20-F,2014-04-04,0001047469-14-003438,CY2013
cost_of_revenue,CostOfRevenue,us-gaap,USD,2014-01-01,2014-12-31,254800000.0,2014,FY,20-F,2015-04-30,0001047469-15-004230,CY2014
cost_of_revenue,CostOfRevenue,us-gaap,USD,2015-01-01,2015-12-31,230600000.0,2015,FY,20-F,2016-03-22,0001047469-16-011404,CY2015
cost_of_revenue,CostOfRevenue,us-gaap,USD,2016-01-01,2016-12-31,325700000.0,2016,FY,20-F,2017-03-22,0001513845-17-000004,CY2016
cost_of_revenue,CostOfRevenue,us-gaap,USD,2017-01-01,2017-12-31,415600000.0,2017,FY,20-F,2018-03-27,0001513845-18-000013,CY2017
cost_of_revenue,CostOfRevenue,us-gaap,USD,2018-01-01,2018-12-31,516600000.0,2018,FY,20-F,2019-04-19,0001513845-19-000009,CY2018
cost_of_revenue,CostOfRevenue,us-gaap,USD,2019-01-01,2019-12-31,707500000.0,2019,FY,20-F/A,2020-04-02,0001558370-20-003563,CY2019
cost_of_revenue,CostOfRevenue,us-gaap,USD,2020-01-01,2020-12-31,1160500000.0,2020,FY,20-F,2021-04-01,0001513845-21-000014,CY2020
cost_of_revenue,CostOfRevenue,us-gaap,USD,2021-01-01,2021-12-31,2341400000.0,2021,FY,20-F,2022-04-20,0001558370-22-005654,CY2021
cost_of_revenue,CostOfRevenue,us-gaap,USD,2022-01-01,2022-12-31,3315700000.0,2022,FY,20-F,2023-04-20,0001558370-23-006319,
cost_of_revenue,CostOfRevenue,us-gaap,USD,2022-01-01,2022-12-31,28400000.0,2024,FY,20-F,2025-04-30,0001558370-25-005991,CY2022
cost_of_revenue,CostOfRevenue,us-gaap,USD,2023-01-01,2023-12-31,4014300000.0,2023,FY,20-F,2024-04-26,0001558370-24-005891,
cost_of_revenue,CostOfRevenue,us-gaap,USD,2023-01-01,2023-12-31,31900000.0,2024,FY,20-F,2025-04-30,0001558370-25-005991,
cost_of_revenue,CostOfRevenue,us-gaap,USD,2023-01-01,2023-12-31,19600000.0,2025,FY,20-F,2026-04-30,0001104659-26-052948,CY2023
cost_of_revenue,CostOfRevenue,us-gaap,USD,2024-01-01,2024-12-31,73400000.0,2024,FY,20-F,2025-04-30,0001558370-25-005991,
cost_of_revenue,CostOfRevenue,us-gaap,USD,2024-01-01,2024-12-31,43700000.0,2025,FY,20-F,2026-04-30,0001104659-26-052948,CY2024
cost_of_revenue,CostOfRevenue,us-gaap,USD,2025-01-01,2025-12-31,166200000.0,2025,FY,20-F,2026-04-30,0001104659-26-052948,CY2025
d_and_a,DepreciationAndAmortization,us-gaap,USD,2011-01-01,2011-12-31,58200000.0,2011,FY,20-F,2012-03-02,0001047469-12-002052,CY2011
d_and_a,DepreciationAndAmortization,us-gaap,USD,2012-01-01,2012-12-31,97200000.0,2012,FY,20-F,2013-04-09,0001047469-13-004131,CY2012
d_and_a,DepreciationAndAmortization,us-gaap,USD,2013-01-01,2013-12-31,112900000.0,2013,FY,20-F,2014-04-04,0001047469-14-003438,CY2013
d_and_a,DepreciationAndAmortization,us-gaap,USD,2014-01-01,2014-12-31,79700000.0,2014,FY,20-F,2015-04-30,0001047469-15-004230,CY2014
d_and_a,DepreciationAndAmortization,us-gaap,USD,2015-01-01,2015-12-31,106900000.0,2015,FY,20-F,2016-03-22,0001047469-16-011404,CY2015
d_and_a,DepreciationAndAmortization,us-gaap,USD,2016-01-01,2016-12-31,158400000.0,2016,FY,20-F,2017-03-22,0001513845-17-000004,CY2016
d_and_a,DepreciationAndAmortization,us-gaap,USD,2017-01-01,2017-12-31,195100000.0,2017,FY,20-F,2018-03-27,0001513845-18-000013,CY2017
d_and_a,DepreciationAndAmortization,us-gaap,USD,2018-01-01,2018-12-31,174700000.0,2018,FY,20-F,2019-04-19,0001513845-19-000009,CY2018
d_and_a,DepreciationAndAmortization,us-gaap,USD,2019-01-01,2019-12-31,187400000.0,2019,FY,20-F/A,2020-04-02,0001558370-20-003563,CY2019
d_and_a,DepreciationAndAmortization,us-gaap,USD,2020-01-01,2020-12-31,239400000.0,2020,FY,20-F,2021-04-01,0001513845-21-000014,CY2020
d_and_a,DepreciationAndAmortization,us-gaap,USD,2021-01-01,2021-12-31,324500000.0,2021,FY,20-F,2022-04-20,0001558370-22-005654,CY2021
d_and_a,DepreciationAndAmortization,us-gaap,USD,2022-01-01,2022-12-31,438900000.0,2022,FY,20-F,2023-04-20,0001558370-23-006319,
d_and_a,DepreciationAndAmortization,us-gaap,USD,2022-01-01,2022-12-31,27500000.0,2024,FY,20-F,2025-04-30,0001558370-25-005991,CY2022
d_and_a,DepreciationAndAmortization,us-gaap,USD,2023-01-01,2023-12-31,445500000.0,2023,FY,20-F,2024-04-26,0001558370-24-005891,
d_and_a,DepreciationAndAmortization,us-gaap,USD,2023-01-01,2023-12-31,29300000.0,2024,FY,20-F,2025-04-30,0001558370-25-005991,
d_and_a,DepreciationAndAmortization,us-gaap,USD,2023-01-01,2023-12-31,29300000.0,2025,FY,20-F,2026-04-30,0001104659-26-052948,CY2023
d_and_a,DepreciationAndAmortization,us-gaap,USD,2024-01-01,2024-12-31,77300000.0,2024,FY,20-F,2025-04-30,0001558370-25-005991,
d_and_a,DepreciationAndAmortization,us-gaap,USD,2024-01-01,2024-12-31,77100000.0,2025,FY,20-F,2026-04-30,0001104659-26-052948,CY2024
d_and_a,DepreciationAndAmortization,us-gaap,USD,2025-01-01,2025-12-31,417900000.0,2025,FY,20-F,2026-04-30,0001104659-26-052948,CY2025
interest_expense,InterestExpenseNonoperating,us-gaap,USD,2023-01-01,2023-12-31,0.0,2025,FY,20-F,2026-04-30,0001104659-26-052948,CY2023
interest_expense,InterestExpenseNonoperating,us-gaap,USD,2024-01-01,2024-12-31,0.0,2025,FY,20-F,2026-04-30,0001104659-26-052948,CY2024
interest_expense,InterestExpenseNonoperating,us-gaap,USD,2025-01-01,2025-12-31,61500000.0,2025,FY,20-F,2026-04-30,0001104659-26-052948,CY2025
long_term_debt,LongTermDebt,us-gaap,USD,,2022-12-31,727800000.0,2022,FY,20-F,2023-04-20,0001558370-23-006319,CY2022Q4I
long_term_debt,LongTermDebt,us-gaap,USD,,2023-12-31,1577500000.0,2023,FY,20-F,2024-04-26,0001558370-24-005891,CY2023Q4I
long_term_debt,LongTermDebt,us-gaap,USD,,2025-12-31,4103200000.0,2025,FY,20-F,2026-04-30,0001104659-26-052948,CY2025Q4I
net_income,NetIncomeLoss,us-gaap,USD,2011-01-01,2011-12-31,179300000.0,2011,FY,20-F,2012-03-02,0001047469-12-002052,CY2011
net_income,NetIncomeLoss,us-gaap,USD,2021-01-01,2021-12-31,-197200000.0,2021,FY,20-F,2022-04-20,0001558370-22-005654,CY2021
net_income,NetIncomeLoss,us-gaap,USD,2022-01-01,2022-12-31,561100000.0,2022,FY,20-F,2023-04-20,0001558370-23-006319,
net_income,NetIncomeLoss,us-gaap,USD,2022-01-01,2022-12-31,745600000.0,2024,FY,20-F,2025-04-30,0001558370-25-005991,CY2022
net_income,NetIncomeLoss,us-gaap,USD,2023-01-01,2023-12-31,221500000.0,2023,FY,20-F,2024-04-26,0001558370-24-005891,
net_income,NetIncomeLoss,us-gaap,USD,2023-01-01,2023-12-31,241300000.0,2024,FY,20-F,2025-04-30,0001558370-25-005991,
net_income,NetIncomeLoss,us-gaap,USD,2023-01-01,2023-12-31,241300000.0,2025,FY,20-F,2026-04-30,0001104659-26-052948,CY2023
net_income,NetIncomeLoss,us-gaap,USD,2024-01-01,2024-12-31,-641400000.0,2024,FY,20-F,2025-04-30,0001558370-25-005991,
net_income,NetIncomeLoss,us-gaap,USD,2024-01-01,2024-12-31,-641400000.0,2025,FY,20-F,2026-04-30,0001104659-26-052948,CY2024
net_income,NetIncomeLoss,us-gaap,USD,2025-01-01,2025-12-31,82500000.0,2025,FY,20-F,2026-04-30,0001104659-26-052948,CY2025
operating_income,OperatingIncomeLoss,us-gaap,USD,2011-01-01,2011-12-31,218500000.0,2011,FY,20-F,2012-03-02,0001047469-12-002052,CY2011
operating_income,OperatingIncomeLoss,us-gaap,USD,2012-01-01,2012-12-31,311200000.0,2012,FY,20-F,2013-04-09,0001047469-13-004131,CY2012
operating_income,OperatingIncomeLoss,us-gaap,USD,2013-01-01,2013-12-31,392200000.0,2013,FY,20-F,2014-04-04,0001047469-14-003438,CY2013
operating_income,OperatingIncomeLoss,us-gaap,USD,2014-01-01,2014-12-31,272400000.0,2014,FY,20-F,2015-04-30,0001047469-15-004230,CY2014
operating_income,OperatingIncomeLoss,us-gaap,USD,2015-01-01,2015-12-31,131600000.0,2015,FY,20-F,2016-03-22,0001047469-16-011404,CY2015
operating_income,OperatingIncomeLoss,us-gaap,USD,2016-01-01,2016-12-31,211800000.0,2016,FY,20-F,2017-03-22,0001513845-17-000004,CY2016
operating_income,OperatingIncomeLoss,us-gaap,USD,2017-01-01,2017-12-31,226300000.0,2017,FY,20-F,2018-03-27,0001513845-18-000013,CY2017
operating_income,OperatingIncomeLoss,us-gaap,USD,2018-01-01,2018-12-31,300300000.0,2018,FY,20-F,2019-04-19,0001513845-19-000009,CY2018
operating_income,OperatingIncomeLoss,us-gaap,USD,2019-01-01,2019-12-31,313300000.0,2019,FY,20-F/A,2020-04-02,0001558370-20-003563,CY2019
operating_income,OperatingIncomeLoss,us-gaap,USD,2020-01-01,2020-12-31,220000000.0,2020,FY,20-F,2021-04-01,0001513845-21-000014,CY2020
operating_income,OperatingIncomeLoss,us-gaap,USD,2021-01-01,2021-12-31,-178700000.0,2021,FY,20-F,2022-04-20,0001558370-22-005654,CY2021
operating_income,OperatingIncomeLoss,us-gaap,USD,2022-01-01,2022-12-31,188200000.0,2022,FY,20-F,2023-04-20,0001558370-23-006319,
operating_income,OperatingIncomeLoss,us-gaap,USD,2022-01-01,2022-12-31,-158000000.0,2024,FY,20-F,2025-04-30,0001558370-25-005991,CY2022
operating_income,OperatingIncomeLoss,us-gaap,USD,2023-01-01,2023-12-31,317400000.0,2023,FY,20-F,2024-04-26,0001558370-24-005891,
operating_income,OperatingIncomeLoss,us-gaap,USD,2023-01-01,2023-12-31,-327500000.0,2024,FY,20-F,2025-04-30,0001558370-25-005991,
operating_income,OperatingIncomeLoss,us-gaap,USD,2023-01-01,2023-12-31,-285700000.0,2025,FY,20-F,2026-04-30,0001104659-26-052948,CY2023
operating_income,OperatingIncomeLoss,us-gaap,USD,2024-01-01,2024-12-31,-440700000.0,2024,FY,20-F,2025-04-30,0001558370-25-005991,
operating_income,OperatingIncomeLoss,us-gaap,USD,2024-01-01,2024-12-31,-399600000.0,2025,FY,20-F,2026-04-30,0001104659-26-052948,CY2024
operating_income,OperatingIncomeLoss,us-gaap,USD,2025-01-01,2025-12-31,-611700000.0,2025,FY,20-F,2026-04-30,0001104659-26-052948,CY2025
ppe_net,PropertyPlantAndEquipmentNet,us-gaap,USD,,2011-12-31,216600000.0,2011,FY,20-F,2012-03-02,0001047469-12-002052,CY2011Q4I
ppe_net,PropertyPlantAndEquipmentNet,us-gaap,USD,,2012-12-31,266500000.0,2012,FY,20-F,2013-04-09,0001047469-13-004131,CY2012Q4I
ppe_net,PropertyPlantAndEquipmentNet,us-gaap,USD,,2013-12-31,297300000.0,2013,FY,20-F,2014-04-04,0001047469-14-003438,CY2013Q4I
ppe_net,PropertyPlantAndEquipmentNet,us-gaap,USD,,2014-12-31,304100000.0,2014,FY,20-F,2015-04-30,0001047469-15-004230,CY2014Q4I
ppe_net,PropertyPlantAndEquipmentNet,us-gaap,USD,,2015-12-31,286200000.0,2015,FY,20-F,2016-03-22,0001047469-16-011404,CY2015Q4I
ppe_net,PropertyPlantAndEquipmentNet,us-gaap,USD,,2016-12-31,310200000.0,2016,FY,20-F,2017-03-22,0001513845-17-000004,CY2016Q4I
ppe_net,PropertyPlantAndEquipmentNet,us-gaap,USD,,2017-12-31,367600000.0,2017,FY,20-F,2018-03-27,0001513845-18-000013,CY2017Q4I
ppe_net,PropertyPlantAndEquipmentNet,us-gaap,USD,,2018-12-31,572000000.0,2018,FY,20-F,2019-04-19,0001513845-19-000009,CY2018Q4I
ppe_net,PropertyPlantAndEquipmentNet,us-gaap,USD,,2019-12-31,606900000.0,2019,FY,20-F/A,2020-04-02,0001558370-20-003563,CY2019Q4I
ppe_net,PropertyPlantAndEquipmentNet,us-gaap,USD,,2023-12-31,128200000.0,2024,FY,20-F,2025-04-30,0001558370-25-005991,CY2023Q4I
ppe_net,PropertyPlantAndEquipmentNet,us-gaap,USD,,2024-12-31,847000000.0,2024,FY,20-F,2025-04-30,0001558370-25-005991,
ppe_net,PropertyPlantAndEquipmentNet,us-gaap,USD,,2024-12-31,846700000.0,2025,FY,20-F,2026-04-30,0001104659-26-052948,CY2024Q4I
ppe_net,PropertyPlantAndEquipmentNet,us-gaap,USD,,2025-12-31,5553300000.0,2025,FY,20-F,2026-04-30,0001104659-26-052948,CY2025Q4I
revenue,Revenues,us-gaap,USD,2011-01-01,2011-12-31,622200000.0,2011,FY,20-F,2012-03-02,0001047469-12-002052,CY2011
revenue,Revenues,us-gaap,USD,2012-01-01,2012-12-31,947100000.0,2012,FY,20-F,2013-04-09,0001047469-13-004131,CY2012
revenue,Revenues,us-gaap,USD,2013-01-01,2013-12-31,1206900000.0,2013,FY,20-F,2014-04-04,0001047469-14-003438,CY2013
revenue,Revenues,us-gaap,USD,2014-01-01,2014-12-31,902400000.0,2014,FY,20-F,2015-04-30,0001047469-15-004230,CY2014
revenue,Revenues,us-gaap,USD,2015-01-01,2015-12-31,820400000.0,2015,FY,20-F,2016-03-22,0001047469-16-011404,CY2015
revenue,Revenues,us-gaap,USD,2016-01-01,2016-12-31,1251700000.0,2016,FY,20-F,2017-03-22,0001513845-17-000004,CY2016
revenue,Revenues,us-gaap,USD,2017-01-01,2017-12-31,1632900000.0,2017,FY,20-F,2018-03-27,0001513845-18-000013,CY2017
revenue,Revenues,us-gaap,USD,2018-01-01,2018-12-31,1837600000.0,2018,FY,20-F,2019-04-19,0001513845-19-000009,CY2018
revenue,Revenues,us-gaap,USD,2019-01-01,2019-12-31,2224400000.0,2019,FY,20-F/A,2020-04-02,0001558370-20-003563,CY2019
revenue,Revenues,us-gaap,USD,2020-01-01,2020-12-31,2955600000.0,2020,FY,20-F,2021-04-01,0001513845-21-000014,CY2020
revenue,Revenues,us-gaap,USD,2021-01-01,2021-12-31,4794200000.0,2021,FY,20-F,2022-04-20,0001558370-22-005654,CY2021
revenue,Revenues,us-gaap,USD,2022-01-01,2022-12-31,7417100000.0,2022,FY,20-F,2023-04-20,0001558370-23-006319,
revenue,Revenues,us-gaap,USD,2022-01-01,2022-12-31,13500000.0,2024,FY,20-F,2025-04-30,0001558370-25-005991,CY2022
revenue,Revenues,us-gaap,USD,2023-01-01,2023-12-31,8921200000.0,2023,FY,20-F,2024-04-26,0001558370-24-005891,
revenue,Revenues,us-gaap,USD,2023-01-01,2023-12-31,20900000.0,2024,FY,20-F,2025-04-30,0001558370-25-005991,
revenue,Revenues,us-gaap,USD,2023-01-01,2023-12-31,9800000.0,2025,FY,20-F,2026-04-30,0001104659-26-052948,CY2023
revenue,Revenues,us-gaap,USD,2024-01-01,2024-12-31,117500000.0,2024,FY,20-F,2025-04-30,0001558370-25-005991,
revenue,Revenues,us-gaap,USD,2024-01-01,2024-12-31,91500000.0,2025,FY,20-F,2026-04-30,0001104659-26-052948,CY2024
revenue,Revenues,us-gaap,USD,2025-01-01,2025-12-31,529800000.0,2025,FY,20-F,2026-04-30,0001104659-26-052948,CY2025
shares_outstanding,CommonStockSharesOutstanding,us-gaap,shares,,2024-12-31,235753600.0,2024,FY,20-F,2025-04-30,0001558370-25-005991,CY2024Q4I
shares_outstanding,CommonStockSharesOutstanding,us-gaap,shares,,2025-12-31,253016971.0,2025,FY,20-F,2026-04-30,0001104659-26-052948,CY2025Q4I
