year,technology,units,nameplate_mw,net_summer_mw,under_construction_mw,under_construction_share
2026,Solar Photovoltaic,387,26616.1,26452.6,26616.1,1.0
2026,Batteries,143,12092.8,11889.1,12022.8,0.994
2026,Onshore Wind Turbine,15,2690.0,2690.0,2690.0,1.0
2026,Natural Gas Fired Combined Cycle,4,1918.0,1696.5,1918.0,1.0
2026,Natural Gas Fired Combustion Turbine,11,1222.2,1012.8,1222.2,1.0
2026,Offshore Wind Turbine,1,715.0,715.0,715.0,1.0
2026,Natural Gas Internal Combustion Engine,18,132.1,130.0,132.1,1.0
2026,Geothermal,1,43.0,30.0,43.0,1.0
2026,Petroleum Liquids,9,17.1,16.5,17.1,1.0
2026,All Other,1,9.9,9.9,9.9,1.0
2026,Natural Gas Steam Turbine,1,9.0,8.0,9.0,1.0
2026,Conventional Hydroelectric,7,7.1,6.9,7.1,1.0
2026,Landfill Gas,1,3.0,3.0,3.0,1.0
2026,Other Waste Biomass,2,2.6,2.6,2.6,1.0
2027,Solar Photovoltaic,425,43371.1,43146.9,15761.9,0.363
2027,Batteries,194,25099.4,25071.3,10029.8,0.4
2027,Natural Gas Fired Combustion Turbine,74,7890.0,6824.2,3779.5,0.479
2027,Onshore Wind Turbine,27,5599.6,5478.6,3237.6,0.578
2027,Offshore Wind Turbine,3,4374.0,4374.0,4374.0,1.0
2027,Natural Gas Fired Combined Cycle,26,4144.5,3826.9,1047.5,0.253
2027,Hydroelectric Pumped Storage,3,600.0,600.0,0.0,0.0
2027,Natural Gas Internal Combustion Engine,13,221.2,218.8,91.2,0.412
2027,Petroleum Liquids,12,150.6,124.6,26.7,0.177
2027,Geothermal,7,112.5,79.5,86.0,0.764
2027,Conventional Hydroelectric,15,58.1,37.1,10.4,0.179
2027,Other Waste Biomass,2,41.0,35.0,41.0,1.0
2027,Landfill Gas,10,23.0,22.0,12.0,0.522
2027,Municipal Solid Waste,1,17.0,15.0,17.0,1.0
2028,Solar Photovoltaic,173,30091.2,29473.4,2965.4,0.099
2028,Batteries,84,14788.7,14723.9,891.0,0.06
2028,Natural Gas Fired Combined Cycle,24,9874.0,9233.0,2359.8,0.239
2028,Natural Gas Fired Combustion Turbine,61,6978.1,6202.8,462.0,0.066
2028,Onshore Wind Turbine,13,3656.1,3166.5,0.0,0.0
2028,Hydroelectric Pumped Storage,8,2000.0,2000.0,0.0,0.0
2028,Natural Gas Internal Combustion Engine,17,268.7,265.1,51.5,0.192
2028,Conventional Hydroelectric,34,183.1,138.6,0.0,0.0
2028,All Other,3,78.6,73.4,28.6,0.364
2028,Petroleum Liquids,2,6.1,6.1,0.0,0.0
2028,Geothermal,1,1.8,1.2,1.8,1.0
2029,Solar Photovoltaic,64,16191.7,16215.8,900.0,0.056
2029,Natural Gas Fired Combined Cycle,23,9447.6,8761.7,1445.0,0.153
2029,Batteries,38,9020.9,9020.0,350.0,0.039
2029,Natural Gas Fired Combustion Turbine,22,4760.0,4440.4,0.0,0.0
2029,Onshore Wind Turbine,14,2092.1,2087.1,87.2,0.042
2029,Natural Gas Internal Combustion Engine,18,330.0,328.8,0.0,0.0
2029,Other Waste Biomass,11,103.4,103.4,0.0,0.0
2029,Conventional Hydroelectric,17,75.1,75.1,0.0,0.0
2029,All Other,1,50.0,50.0,0.0,0.0
2030,Natural Gas Fired Combined Cycle,149,17643.4,16855.9,0.0,0.0
2030,Solar Photovoltaic,24,4489.3,4459.4,667.0,0.149
2030,Batteries,14,2182.5,2182.5,250.0,0.115
2030,Nuclear,1,500.0,342.1,0.0,0.0
2030,Natural Gas Fired Combustion Turbine,4,490.6,426.0,0.0,0.0
2030,Onshore Wind Turbine,2,246.6,273.6,0.0,0.0
2030,Solar Thermal without Energy Storage,1,200.0,200.0,0.0,0.0
2030,Conventional Hydroelectric,26,67.0,50.8,0.0,0.0
2031,Onshore Wind Turbine,4,2523.8,2523.8,1693.8,0.671
2031,Natural Gas Fired Combined Cycle,6,2340.9,2214.6,0.0,0.0
2031,Nuclear,2,2234.0,2234.0,0.0,0.0
2031,Solar Photovoltaic,2,1300.0,1300.0,0.0,0.0
2031,Batteries,7,1218.6,1205.0,0.0,0.0
2031,Conventional Hydroelectric,18,40.6,40.6,0.0,0.0
2032,Nuclear,2,2234.0,2234.0,0.0,0.0
2032,Onshore Wind Turbine,1,1303.2,1303.2,1303.2,1.0
2033,Onshore Wind Turbine,1,553.5,553.5,553.5,1.0
2034,Natural Gas Fired Combined Cycle,4,1777.8,1669.5,777.8,0.438
2039,Other Waste Biomass,2,21.0,19.0,21.0,1.0
