state,operating_units,operating_mw,planned_units,planned_mw,under_construction_mw
TX,2486,204906.2,545,94174.6,31687.1
CA,3228,109566.2,222,20048.7,8084.6
AZ,466,44968.8,77,15413.3,6621.3
LA,247,29433.5,43,11349.1,676.4
IL,1084,52793.8,163,7823.1,2900.5
OR,505,19202.7,26,7776.0,470.6
VA,754,31586.8,56,7373.4,3610.8
WY,130,12734.5,17,7206.6,3550.5
NY,2048,44383.9,137,7143.2,3313.3
GA,575,43514.0,28,6871.9,801.3
NV,306,19359.1,29,6672.0,2254.5
CO,516,23598.9,64,6581.2,3089.5
PA,661,53284.3,114,6530.4,345.6
AR,225,19135.1,28,6174.3,3521.8
OK,325,36732.7,22,5623.0,2671.0
IN,435,34581.3,29,5401.8,1650.0
MI,787,35799.5,34,5249.0,3527.4
WI,677,19725.1,32,4928.3,1187.6
MS,153,18112.3,34,4563.1,2169.4
TN,291,23766.4,33,3997.8,1144.8
NM,240,18155.5,51,3965.1,1540.1
MO,385,23689.1,26,3830.0,1476.8
UT,249,12288.3,24,3780.3,990.3
WA,423,31791.8,17,3601.0,355.0
OH,500,35891.3,29,3431.6,1845.1
KY,180,22415.5,51,3251.1,1622.3
ND,115,11217.6,10,2681.1,240.0
FL,751,80997.9,29,2508.0,2338.1
KS,509,21108.3,18,2372.8,563.2
SC,398,27262.7,29,2206.9,204.3
NE,309,12149.2,29,2146.2,63.2
NC,1232,39965.2,45,2125.2,859.2
AL,278,33130.4,14,1908.8,80.0
MN,1360,20114.9,30,1778.1,916.0
MT,167,7662.4,7,1167.0,80.0
IA,723,24916.3,9,1063.5,302.5
ID,275,6773.8,5,959.0,400.0
WV,93,16060.5,21,938.6,0.0
MA,1011,14024.8,31,726.7,251.7
RI,158,2577.0,2,718.5,715.0
CT,317,10998.4,9,624.8,96.8
ME,469,6164.2,14,591.0,103.0
HI,226,3691.3,25,471.0,111.7
SD,105,7669.7,14,380.7,136.5
DE,81,3040.8,10,200.0,67.0
VT,215,899.1,5,108.0,18.0
NJ,633,18244.2,10,35.1,33.7
AK,543,3116.0,4,29.4,0.0
NH,135,4582.3,2,24.0,24.0
MD,373,13616.4,7,13.9,13.9
DC,25,72.2,1,5.7,5.7
